Run,Well,Sample,Day,Temp.,Sample_ID,Gene,5 ng,1 ng,1ng_log10,Replicate,Sample,Sample,SampleID2,DNA_ng_per_gsoilDM_serial,A_no_gc_per_g_soil,A_no_gc_per_g_soil_log10
A1,M17,S1,0,20,3865,Archaea,69939,13988,4.15,1,A1,D,D0A1,19307.75,270076774,8.43
A1,M18,S1,0,20,3865,Archaea,70153,14031,4.15,2,A1,D,D0A1,19307.75,270907007,8.43
A1,N17,S1,0,20,3865,Archaea,78330,15666,4.19,3,A1,D,D0A1,19307.75,302475174,8.48
A1,N18,S1,0,20,3865,Archaea,62351,12470,4.1,4,A1,D,D0A1,19307.75,240767613,8.38
A2,K14,S10,0,20,1881,Archaea,77322,15464,4.19,1,A10,D,D0A10,14029.29,216948980,8.34
A2,L14,S10,0,20,1881,Archaea,27552,5510,3.74,2,A10,D,D0A10,14029.29,77301402,7.89
A2,L22,S10,0,20,1881,Archaea,37629,7526,3.88,3,A10,D,D0A10,14029.29,105584456,8.02
A2,M14,S11,0,20,2259,Archaea,71837,14367,4.16,1,A11,D,D0A11,6657.1,95642488,7.98
A2,N14,S11,0,20,2259,Archaea,49341,9868,3.99,2,A11,D,D0A11,6657.1,65692216,7.82
A2,N22,S11,0,20,2259,Archaea,62150,12430,4.09,3,A11,D,D0A11,6657.1,82747694,7.92
A2,O14,S12,0,20,2407,Archaea,14829,2966,3.47,1,A12,D,D0A12,15399.29,45674305,7.66
A2,P14,S12,0,20,2407,Archaea,16006,3201,3.51,2,A12,D,D0A12,15399.29,49293138,7.69
A2,P22,S12,0,20,2407,Archaea,7055,1411,3.15,3,A12,D,D0A12,15399.29,21728403,7.34
A2,A15,S13,0,20,2408,Archaea,68126,13625,4.13,1,A13,D,D0A13,7328.64,99852758,8
A2,A23,S13,0,20,2408,Archaea,101532,20306,4.31,2,A13,D,D0A13,7328.64,148815421,8.17
A2,B15,S13,0,20,2408,Archaea,86868,17374,4.24,3,A13,D,D0A13,7328.64,127327840,8.1
A2,B23,S14,0,20,2411,Archaea,47684,9537,3.98,1,A14,D,D0A14,8705.78,83027043,7.92
A2,C15,S14,0,20,2411,Archaea,64859,12972,4.11,2,A14,D,D0A14,8705.78,112931404,8.05
A2,D15,S14,0,20,2411,Archaea,26859,5372,3.73,3,A14,D,D0A14,8705.78,46767461,7.67
A2,C23,S15,0,20,2417,Archaea,60950,12190,4.09,1,A15,D,D0A15,9441.02,115086095,8.06
A2,E15,S15,0,20,2417,Archaea,65810,13162,4.12,2,A15,D,D0A15,9441.02,124262771,8.09
A2,F15,S15,0,20,2417,Archaea,30885,6177,3.79,3,A15,D,D0A15,9441.02,58317211,7.77
A2,D23,S16,0,20,4254,Archaea,82436,16487,4.22,1,A16,D,D0A16,18750.44,309138538,8.49
A2,G15,S16,0,20,4254,Archaea,71078,14216,4.15,2,A16,D,D0A16,18750.44,266556284,8.43
A2,H15,S16,0,20,4254,Archaea,128862,25772,4.41,3,A16,D,D0A16,18750.44,483236392,8.68
A2,E23,S17,0,20,2665,Archaea,136133,27227,4.43,1,A17,D,D0A17,30038.81,817866688,8.91
A2,I15,S17,0,20,2665,Archaea,152958,30592,4.49,2,A17,D,D0A17,30038.81,918947284,8.96
A2,J15,S17,0,20,2665,Archaea,87953,17591,4.25,3,A17,D,D0A17,30038.81,528412712,8.72
A2,F23,S18,0,20,6127,Archaea,54739,10948,4.04,1,A18,D,D0A18,8190.18,89666074,7.95
A2,K15,S18,0,20,6127,Archaea,58801,11760,4.07,2,A18,D,D0A18,8190.18,96316499,7.98
A2,L15,S18,0,20,6127,Archaea,102297,20459,4.31,3,A18,D,D0A18,8190.18,167562861,8.22
A2,G23,S19,0,20,6135,Archaea,57590,11518,4.06,1,A19,D,D0A19,9752.91,112334052,8.05
A2,M15,S19,0,20,6135,Archaea,30449,6090,3.78,2,A19,D,D0A19,9752.91,59395240,7.77
A2,N15,S19,0,20,6135,Archaea,41063,8213,3.91,3,A19,D,D0A19,9752.91,80100674,7.9
A1,O17,S2,0,20,4779,Archaea,47554,9511,3.98,1,A2,D,D0A2,15848.2,150732217,8.18
A1,O18,S2,0,20,4779,Archaea,40999,8200,3.91,2,A2,D,D0A2,15848.2,129955229,8.11
A1,P17,S2,0,20,4779,Archaea,45281,9056,3.96,3,A2,D,D0A2,15848.2,143521287,8.16
A1,P18,S2,0,20,4779,Archaea,55471,11094,4.05,4,A2,D,D0A2,15848.2,175819916,8.25
A2,H23,S20,0,20,6177,Archaea,74028,14806,4.17,1,A20,D,D0A20,11375.5,168425641,8.23
A2,O15,S20,0,20,6177,Archaea,26685,5337,3.73,2,A20,D,D0A20,11375.5,60711039,7.78
A2,P15,S20,0,20,6177,Archaea,79571,15914,4.2,3,A20,D,D0A20,11375.5,181029695,8.26
A1,A19,S3,0,20,2318,Archaea,21183,4237,3.63,1,A3,D,D0A3,17702.18,75004157,7.88
A1,A20,S3,0,20,2318,Archaea,22922,4584,3.66,2,A3,D,D0A3,17702.18,81146815,7.91
A1,B19,S3,0,20,2318,Archaea,21388,4278,3.63,3,A3,D,D0A3,17702.18,75729946,7.88
A1,B20,S3,0,20,2318,Archaea,23534,4707,3.67,4,A3,D,D0A3,17702.18,83324184,7.92
A1,C19,S4,0,20,3919,Archaea,56406,11281,4.05,1,A4,D,D0A4,22671.33,255755278,8.41
A1,C20,S4,0,20,3919,Archaea,64479,12896,4.11,2,A4,D,D0A4,22671.33,292369476,8.47
A1,D19,S4,0,20,3919,Archaea,51703,10341,4.01,3,A4,D,D0A4,22671.33,234444227,8.37
A1,D20,S4,0,20,3919,Archaea,59189,11838,4.07,4,A4,D,D0A4,22671.33,268383209,8.43
A1,E19,S5,0,20,2512,Archaea,29728,5946,3.77,1,A5,D,D0A5,25542.83,151877672,8.18
A1,E20,S5,0,20,2512,Archaea,33016,6603,3.82,2,A5,D,D0A5,25542.83,168659312,8.23
A1,F19,S5,0,20,2512,Archaea,27917,5583,3.75,3,A5,D,D0A5,25542.83,142605625,8.15
A1,F20,S5,0,20,2512,Archaea,36967,7393,3.87,4,A5,D,D0A5,25542.83,188838149,8.28
A2,C14,S6,0,20,116,Archaea,108912,21782,4.34,1,A6,D,D0A6,18476.44,402453856,8.6
A2,D14,S6,0,20,116,Archaea,125785,25157,4.4,2,A6,D,D0A6,18476.44,464811847,8.67
A2,D22,S6,0,20,116,Archaea,241228,48246,4.68,3,A6,D,D0A6,18476.44,891414413,8.95
A2,E14,S7,0,20,124,Archaea,65156,13031,4.11,1,A7,D,D0A7,5829.6,75965566,7.88
A2,F14,S7,0,20,124,Archaea,42000,8400,3.92,2,A7,D,D0A7,5829.6,48968671,7.69
A2,F22,S7,0,20,124,Archaea,38435,7687,3.89,3,A7,D,D0A7,5829.6,44812164,7.65
A2,G14,S8,0,20,353,Archaea,105437,21087,4.32,1,A8,D,D0A8,11530.89,243151964,8.39
A2,H14,S8,0,20,353,Archaea,77857,15571,4.19,2,A8,D,D0A8,11530.89,179547552,8.25
A2,H22,S8,0,20,353,Archaea,106187,21237,4.33,3,A8,D,D0A8,11530.89,244881598,8.39
A2,I14,S9,0,20,6023,Archaea,58620,11724,4.07,1,A9,D,D0A9,8279.13,97064549,7.99
A2,J14,S9,0,20,6023,Archaea,27119,5424,3.73,2,A9,D,D0A9,8279.13,44906014,7.65
A2,J22,S9,0,20,6023,Archaea,20008,4002,3.6,3,A9,D,D0A9,8279.13,33133088,7.52
A1,M07,S1,14,20,3865,Archaea,95201,19040,4.28,1,A1,D,D14A1,25229.76,480374676,8.68
A1,M08,S1,14,20,3865,Archaea,86550,17310,4.24,2,A1,D,D14A1,25229.76,436727187,8.64
A1,N07,S1,14,20,3865,Archaea,97106,19421,4.29,3,A1,D,D14A1,25229.76,489987215,8.69
A1,N08,S1,14,20,3865,Archaea,81227,16245,4.21,4,A1,D,D14A1,25229.76,409857490,8.61
A2,C07,S10,14,20,1881,Archaea,14470,2894,3.46,1,A10,D,D14A10,16278.63,47110360,7.67
A2,C19,S10,14,20,1881,Archaea,21159,4232,3.63,2,A10,D,D14A10,16278.63,68891170,7.84
A2,D07,S10,14,20,1881,Archaea,18249,3650,3.56,3,A10,D,D14A10,16278.63,59417006,7.77
A2,E07,S11,14,20,2259,Archaea,16553,3311,3.52,1,A11,D,D14A11,15681.49,51921428,7.72
A2,E19,S11,14,20,2259,Archaea,56794,11359,4.06,2,A11,D,D14A11,15681.49,178126096,8.25
A2,F07,S11,14,20,2259,Archaea,19779,3956,3.6,3,A11,D,D14A11,15681.49,62035992,7.79
A2,G07,S12,14,20,2407,Archaea,6259,1252,3.1,1,A12,D,D14A12,19715.31,24683571,7.39
A2,G19,S12,14,20,2407,Archaea,113,23,1.35,2,A12,D,D14A12,19715.31,453452,5.66
A2,H07,S12,14,20,2407,Archaea,5160,1032,3.01,3,A12,D,D14A12,19715.31,20346202,7.31
A2,I07,S13,14,20,2408,Archaea,15554,3111,3.49,1,A13,D,D14A13,11384.03,35415705,7.55
A2,I19,S13,14,20,2408,Archaea,61552,12310,4.09,2,A13,D,D14A13,11384.03,140137359,8.15
A2,J07,S13,14,20,2408,Archaea,12483,2497,3.4,3,A13,D,D14A13,11384.03,28425913,7.45
A2,K07,S14,14,20,2411,Archaea,7675,1535,3.19,1,A14,D,D14A14,10460.18,16056371,7.21
A2,K19,S14,14,20,2411,Archaea,10672,2134,3.33,2,A14,D,D14A14,10460.18,22322017,7.35
A2,L07,S14,14,20,2411,Archaea,5449,1090,3.04,3,A14,D,D14A14,10460.18,11401593,7.06
A2,M07,S15,14,20,2417,Archaea,45302,9060,3.96,1,A15,D,D14A15,8825.65,79960430,7.9
A2,M19,S15,14,20,2417,Archaea,77447,15489,4.19,2,A15,D,D14A15,8825.65,136700563,8.14
A2,N07,S15,14,20,2417,Archaea,21225,4245,3.63,3,A15,D,D14A15,8825.65,37464903,7.57
A2,O07,S16,14,20,4254,Archaea,38206,7641,3.88,1,A16,D,D14A16,22028.24,168317786,8.23
A2,O19,S16,14,20,4254,Archaea,27208,5442,3.74,2,A16,D,D14A16,22028.24,119877685,8.08
A2,P07,S16,14,20,4254,Archaea,100637,20127,4.3,3,A16,D,D14A16,22028.24,443362397,8.65
A2,A08,S17,14,20,2665,Archaea,70938,14188,4.15,1,A17,D,D14A17,24855.92,352655815,8.55
A2,B08,S17,14,20,2665,Archaea,68608,13722,4.14,2,A17,D,D14A17,24855.92,341072956,8.53
A2,B19,S17,14,20,2665,Archaea,157986,31597,4.5,3,A17,D,D14A17,24855.92,785372554,8.9
A2,C08,S18,14,20,6127,Archaea,22213,4443,3.65,1,A18,D,D14A18,11869.95,52738179,7.72
A2,D08,S18,14,20,6127,Archaea,22406,4481,3.65,2,A18,D,D14A18,11869.95,53189237,7.73
A2,D19,S18,14,20,6127,Archaea,25152,5030,3.7,3,A18,D,D14A18,11869.95,59705838,7.78
A2,E08,S19,14,20,6135,Archaea,20600,4120,3.61,1,A19,D,D14A19,16191.49,66708921,7.82
A2,F08,S19,14,20,6135,Archaea,17878,3576,3.55,2,A19,D,D14A19,16191.49,57900753,7.76
A2,F19,S19,14,20,6135,Archaea,64699,12940,4.11,3,A19,D,D14A19,16191.49,209517826,8.32
A1,O07,S2,14,20,4779,Archaea,60035,12007,4.08,1,A2,D,D14A2,17199.53,206514784,8.31
A1,O08,S2,14,20,4779,Archaea,63073,12615,4.1,2,A2,D,D14A2,17199.53,216972099,8.34
A1,P07,S2,14,20,4779,Archaea,76922,15384,4.19,3,A2,D,D14A2,17199.53,264597604,8.42
A1,P08,S2,14,20,4779,Archaea,68638,13728,4.14,4,A2,D,D14A2,17199.53,236115179,8.37
A2,G08,S20,14,20,6177,Archaea,13580,2716,3.43,1,A20,D,D14A20,18842.35,51175830,7.71
A2,H08,S20,14,20,6177,Archaea,18848,3770,3.58,2,A20,D,D14A20,18842.35,71035670,7.85
A2,H19,S20,14,20,6177,Archaea,40240,8048,3.91,3,A20,D,D14A20,18842.35,151643254,8.18
A1,A09,S3,14,20,2318,Archaea,18369,3674,3.57,1,A3,D,D14A3,17977.36,66048831,7.82
A1,A10,S3,14,20,2318,Archaea,17687,3537,3.55,2,A3,D,D14A3,17977.36,63585932,7.8
A1,B09,S3,14,20,2318,Archaea,18427,3685,3.57,3,A3,D,D14A3,17977.36,66246582,7.82
A1,B10,S3,14,20,2318,Archaea,14514,2903,3.46,4,A3,D,D14A3,17977.36,52188284,7.72
A1,C09,S4,14,20,3919,Archaea,77309,15462,4.19,1,A4,D,D14A4,35332.33,546308413,8.74
A1,C10,S4,14,20,3919,Archaea,70181,14036,4.15,2,A4,D,D14A4,35332.33,495924517,8.7
A1,D09,S4,14,20,3919,Archaea,75668,15134,4.18,3,A4,D,D14A4,35332.33,534719410,8.73
A1,D10,S4,14,20,3919,Archaea,75559,15112,4.18,4,A4,D,D14A4,35332.33,533942099,8.73
A1,E09,S5,14,20,2512,Archaea,30411,6082,3.78,1,A5,D,D14A5,27332.51,166236326,8.22
A1,E10,S5,14,20,2512,Archaea,32819,6564,3.82,2,A5,D,D14A5,27332.51,179410595,8.25
A1,F09,S5,14,20,2512,Archaea,33603,6721,3.83,3,A5,D,D14A5,27332.51,183701800,8.26
A1,F10,S5,14,20,2512,Archaea,34774,6955,3.84,4,A5,D,D14A5,27332.51,190097607,8.28
A2,K06,S6,14,20,116,Archaea,66240,13248,4.12,1,A6,D,D14A6,21630.45,286560250,8.46
A2,L06,S6,14,20,116,Archaea,165421,33084,4.52,2,A6,D,D14A6,21630.45,715621928,8.85
A2,L18,S6,14,20,116,Archaea,92548,18510,4.27,3,A6,D,D14A6,21630.45,400379697,8.6
A2,M06,S7,14,20,124,Archaea,20114,4023,3.6,1,A7,D,D14A7,9504.84,38237991,7.58
A2,N06,S7,14,20,124,Archaea,18652,3730,3.57,2,A7,D,D14A7,9504.84,35453072,7.55
A2,N18,S7,14,20,124,Archaea,49939,9988,4,3,A7,D,D14A7,9504.84,94934391,7.98
A2,O06,S8,14,20,353,Archaea,69622,13924,4.14,1,A8,D,D14A8,7657.23,106619281,8.03
A2,P06,S8,14,20,353,Archaea,211865,42373,4.63,2,A8,D,D14A8,7657.23,324459840,8.51
A2,P18,S8,14,20,353,Archaea,96898,19380,4.29,3,A8,D,D14A8,7657.23,148397132,8.17
A2,A07,S9,14,20,6023,Archaea,22968,4594,3.66,1,A9,D,D14A9,9462.65,43471391,7.64
A2,A19,S9,14,20,6023,Archaea,34003,6801,3.83,2,A9,D,D14A9,9462.65,64355449,7.81
A2,B07,S9,14,20,6023,Archaea,14658,2932,3.47,3,A9,D,D14A9,9462.65,27744475,7.44
A1,A01,S1,1,20,3865,Archaea,4159,832,2.92,1,A1,D,D1A1,25454.99,21178551,7.33
A1,A02,S1,1,20,3865,Archaea,89629,17926,4.25,2,A1,D,D1A1,25454.99,456306146,8.66
A1,B01,S1,1,20,3865,Archaea,89403,17881,4.25,3,A1,D,D1A1,25454.99,455160671,8.66
A1,B02,S1,1,20,3865,Archaea,106511,21302,4.33,4,A1,D,D1A1,25454.99,542242191,8.73
A2,I01,S10,1,20,1881,Archaea,26964,5393,3.73,1,A10,D,D1A10,14245.67,76826893,7.89
A2,I16,S10,1,20,1881,Archaea,27440,5488,3.74,2,A10,D,D1A10,14245.67,78180232,7.89
A2,J01,S10,1,20,1881,Archaea,15819,3164,3.5,3,A10,D,D1A10,14245.67,45073297,7.65
A2,K01,S11,1,20,2259,Archaea,31473,6295,3.8,1,A11,D,D1A11,13722.59,86383678,7.94
A2,K16,S11,1,20,2259,Archaea,42968,8594,3.93,2,A11,D,D1A11,13722.59,117931902,8.07
A2,L01,S11,1,20,2259,Archaea,31187,6237,3.8,3,A11,D,D1A11,13722.59,85587768,7.93
A2,M01,S12,1,20,2407,Archaea,10353,2071,3.32,1,A12,D,D1A12,12972.75,26866555,7.43
A2,M16,S12,1,20,2407,Archaea,17919,3584,3.55,2,A12,D,D1A12,12972.75,46494319,7.67
A2,N01,S12,1,20,2407,Archaea,4316,863,2.94,3,A12,D,D1A12,12972.75,11195479,7.05
A2,O01,S13,1,20,2408,Archaea,24082,,3.67,1,A13,D,D1A13,7884.14,21628036265,9.29
A2,O16,S13,1,20,2408,Archaea,55545,11109,4.05,2,A13,D,D1A13,7884.14,87584908,7.94
A2,P01,S13,1,20,2408,Archaea,27376792,5475358,6.74,3,A13,D,D1A13,7884.14,43168487622,10.64
A2,A02,S14,1,20,2411,Archaea,21587,4317,3.64,1,A14,D,D1A14,7739.53,33411569,7.52
A2,B02,S14,1,20,2411,Archaea,19339,3868,3.59,2,A14,D,D1A14,7739.53,29936518,7.48
A2,B16,S14,1,20,2411,Archaea,18242,3648,3.56,3,A14,D,D1A14,7739.53,28233820,7.45
A2,C02,S15,1,20,2417,Archaea,40400,8080,3.91,1,A15,D,D1A15,8090.33,65369868,7.82
A2,D02,S15,1,20,2417,Archaea,91232,18246,4.26,2,A15,D,D1A15,8090.33,147616164,8.17
A2,D16,S15,1,20,2417,Archaea,39523,7905,3.9,3,A15,D,D1A15,8090.33,63954060,7.81
A2,E02,S16,1,20,4254,Archaea,72120,14424,4.16,1,A16,D,D1A16,18370.07,264969864,8.42
A2,F02,S16,1,20,4254,Archaea,112708,22542,4.35,2,A16,D,D1A16,18370.07,414098078,8.62
A2,F16,S16,1,20,4254,Archaea,37568,7514,3.88,3,A16,D,D1A16,18370.07,138032693,8.14
A2,G02,S17,1,20,2665,Archaea,98749,19750,4.3,1,A17,D,D1A17,22542.71,445218551,8.65
A2,H02,S17,1,20,2665,Archaea,74373,14875,4.17,2,A17,D,D1A17,22542.71,335322833,8.53
A2,H16,S17,1,20,2665,Archaea,60997,12199,4.09,3,A17,D,D1A17,22542.71,274998537,8.44
A2,I02,S18,1,20,6127,Archaea,38312,7662,3.88,1,A18,D,D1A18,7273.86,55732329,7.75
A2,J02,S18,1,20,6127,Archaea,35454,7091,3.85,2,A18,D,D1A18,7273.86,51578954,7.71
A2,J16,S18,1,20,6127,Archaea,19986,3997,3.6,3,A18,D,D1A18,7273.86,29073625,7.46
A2,K02,S19,1,20,6135,Archaea,23340,4668,3.67,1,A19,D,D1A19,8924.74,41660684,7.62
A2,L02,S19,1,20,6135,Archaea,15236,3047,3.48,2,A19,D,D1A19,8924.74,27193681,7.43
A2,L16,S19,1,20,6135,Archaea,31402,6280,3.8,3,A19,D,D1A19,8924.74,56047364,7.75
A1,C01,S2,1,20,4779,Archaea,68733,13747,4.14,1,A2,D,D1A2,21926.91,301429249,8.48
A1,C02,S2,1,20,4779,Archaea,66630,13326,4.12,2,A2,D,D1A2,21926.91,292198020,8.47
A1,D01,S2,1,20,4779,Archaea,68619,13724,4.14,3,A2,D,D1A2,21926.91,300924930,8.48
A1,D02,S2,1,20,4779,Archaea,68702,13740,4.14,4,A2,D,D1A2,21926.91,301275761,8.48
A2,M02,S20,1,20,6177,Archaea,23105,4621,3.66,1,A20,D,D1A20,15300.16,70702030,7.85
A2,N02,S20,1,20,6177,Archaea,23073,4615,3.66,2,A20,D,D1A20,15300.16,70610229,7.85
A2,N16,S20,1,20,6177,Archaea,19640,3928,3.59,3,A20,D,D1A20,15300.16,60099021,7.78
A1,E01,S3,1,20,2318,Archaea,25673,5135,3.71,1,A3,D,D1A3,17369.02,89189936,7.95
A1,E02,S3,1,20,2318,Archaea,26054,5211,3.72,2,A3,D,D1A3,17369.02,90509982,7.96
A1,F01,S3,1,20,2318,Archaea,23878,4776,3.68,3,A3,D,D1A3,17369.02,82954457,7.92
A1,F02,S3,1,20,2318,Archaea,23917,4783,3.68,4,A3,D,D1A3,17369.02,83076040,7.92
A1,G01,S4,1,20,3919,Archaea,72682,14536,4.16,1,A4,D,D1A4,37828.79,549879360,8.74
A1,G02,S4,1,20,3919,Archaea,68131,13626,4.13,2,A4,D,D1A4,37828.79,515455156,8.71
A1,H01,S4,1,20,3919,Archaea,68155,13631,4.13,3,A4,D,D1A4,37828.79,515644300,8.71
A1,H02,S4,1,20,3919,Archaea,59639,11928,4.08,4,A4,D,D1A4,37828.79,451221863,8.65
A1,I01,S5,1,20,2512,Archaea,29045,5809,3.76,1,A5,D,D1A5,39961.53,232136520,8.37
A1,I02,S5,1,20,2512,Archaea,27434,5487,3.74,2,A5,D,D1A5,39961.53,219268908,8.34
A1,J01,S5,1,20,2512,Archaea,24001,4800,3.68,3,A5,D,D1A5,39961.53,191815338,8.28
A1,J02,S5,1,20,2512,Archaea,22367,4473,3.65,4,A5,D,D1A5,39961.53,178747918,8.25
A2,A01,S6,1,20,116,Archaea,62482,12496,4.1,1,A6,D,D1A6,18672.14,233327058,8.37
A2,A16,S6,1,20,116,Archaea,122797,24559,4.39,2,A6,D,D1A6,18672.14,458569079,8.66
A2,B01,S6,1,20,116,Archaea,73617,14723,4.17,3,A6,D,D1A6,18672.14,274909913,8.44
A2,C01,S7,1,20,124,Archaea,46675,9335,3.97,1,A7,D,D1A7,6348.66,59264778,7.77
A2,C16,S7,1,20,124,Archaea,46537,9307,3.97,2,A7,D,D1A7,6348.66,59087016,7.77
A2,D01,S7,1,20,124,Archaea,25359,5072,3.71,3,A7,D,D1A7,6348.66,32200424,7.51
A2,E01,S8,1,20,353,Archaea,142960,28592,4.46,1,A8,D,D1A8,7550.2,215875283,8.33
A2,E16,S8,1,20,353,Archaea,122666,24533,4.39,2,A8,D,D1A8,7550.2,185229026,8.27
A2,F01,S8,1,20,353,Archaea,136054,27211,4.43,3,A8,D,D1A8,7550.2,205448458,8.31
A2,G01,S9,1,20,6023,Archaea,23112,4622,3.66,1,A9,D,D1A9,7447.91,34424246,7.54
A2,G16,S9,1,20,6023,Archaea,17312,3462,3.54,2,A9,D,D1A9,7447.91,25784669,7.41
A2,H01,S9,1,20,6023,Archaea,37595,7519,3.88,3,A9,D,D1A9,7447.91,56000845,7.75
A1,A11,S1,21,20,3865,Archaea,81206,16241,4.21,1,A1,D,D21A1,27494.89,446544491,8.65
A1,A12,S1,21,20,3865,Archaea,85818,17164,4.23,2,A1,D,D21A1,27494.89,471922274,8.67
A1,B11,S1,21,20,3865,Archaea,84732,16946,4.23,3,A1,D,D21A1,27494.89,465928388,8.67
A1,B12,S1,21,20,3865,Archaea,73788,14758,4.17,4,A1,D,D21A1,27494.89,405769571,8.61
A2,A09,S10,21,20,1881,Archaea,23966,4793,3.68,1,A10,D,D21A10,18113.31,86817117,7.94
A2,A20,S10,21,20,1881,Archaea,25528,5106,3.71,2,A10,D,D21A10,18113.31,92486584,7.97
A2,B09,S10,21,20,1881,Archaea,19939,3988,3.6,3,A10,D,D21A10,18113.31,72235899,7.86
A2,C09,S11,21,20,2259,Archaea,24097,4819,3.68,1,A11,D,D21A11,17803.8,85796503,7.93
A2,C20,S11,21,20,2259,Archaea,63540,12708,4.1,2,A11,D,D21A11,17803.8,226250667,8.35
A2,D09,S11,21,20,2259,Archaea,25334,5067,3.7,3,A11,D,D21A11,17803.8,90211845,7.96
A2,E09,S12,21,20,2407,Archaea,8501,1700,3.23,1,A12,D,D21A12,20377,34640897,7.54
A2,E20,S12,21,20,2407,Archaea,8213,1643,3.22,2,A12,D,D21A12,20377,33479408,7.52
A2,F09,S12,21,20,2407,Archaea,8034,1607,3.21,3,A12,D,D21A12,20377,32745836,7.52
A2,G09,S13,21,20,2408,Archaea,15722,3144,3.5,1,A13,D,D21A13,14622.51,45973179,7.66
A2,G20,S13,21,20,2408,Archaea,23175,4635,3.67,2,A13,D,D21A13,14622.51,67775345,7.83
A2,H09,S13,21,20,2408,Archaea,25752,5150,3.71,3,A13,D,D21A13,14622.51,75305939,7.88
A2,I09,S14,21,20,2411,Archaea,9128,1826,3.26,1,A14,D,D21A14,13230.6,24159071,7.38
A2,I20,S14,21,20,2411,Archaea,24142,4828,3.68,2,A14,D,D21A14,13230.6,63877325,7.81
A2,J09,S14,21,20,2411,Archaea,17299,3460,3.54,3,A14,D,D21A14,13230.6,45777868,7.66
A2,K09,S15,21,20,2417,Archaea,23046,4609,3.66,1,A15,D,D21A15,8384.53,38644298,7.59
A2,K20,S15,21,20,2417,Archaea,34565,6913,3.84,2,A15,D,D21A15,8384.53,57962255,7.76
A2,L09,S15,21,20,2417,Archaea,27850,5570,3.75,3,A15,D,D21A15,8384.53,46701832,7.67
A2,M09,S16,21,20,4254,Archaea,33861,6772,3.83,1,A16,D,D21A16,25166.79,170429520,8.23
A2,M20,S16,21,20,4254,Archaea,24723,4945,3.69,2,A16,D,D21A16,25166.79,124449790,8.09
A2,N09,S16,21,20,4254,Archaea,43253,8651,3.94,3,A16,D,D21A16,25166.79,217717923,8.34
A2,O09,S17,21,20,2665,Archaea,65143,13029,4.11,1,A17,D,D21A17,22298.65,290529063,8.46
A2,O20,S17,21,20,2665,Archaea,30386,6077,3.78,2,A17,D,D21A17,22298.65,135508874,8.13
A2,P09,S17,21,20,2665,Archaea,82068,16414,4.22,3,A17,D,D21A17,22298.65,366009980,8.56
A2,A10,S18,21,20,6127,Archaea,30783,6157,3.79,1,A18,D,D21A18,13071.98,80484158,7.91
A2,B10,S18,21,20,6127,Archaea,32450,6490,3.81,2,A18,D,D21A18,13071.98,84837126,7.93
A2,B20,S18,21,20,6127,Archaea,35890,7178,3.86,3,A18,D,D21A18,13071.98,93830646,7.97
A2,C10,S19,21,20,6135,Archaea,31254,6251,3.8,1,A19,D,D21A19,12890.37,80577699,7.91
A2,D10,S19,21,20,6135,Archaea,39636,7927,3.9,2,A19,D,D21A19,12890.37,102181958,8.01
A2,D20,S19,21,20,6135,Archaea,30013,6003,3.78,3,A19,D,D21A19,12890.37,77380887,7.89
A1,C11,S2,21,20,4779,Archaea,52292,10458,4.02,1,A2,D,D21A2,17207.98,179961006,8.26
A1,C12,S2,21,20,4779,Archaea,54867,10973,4.04,2,A2,D,D21A2,17207.98,188823113,8.28
A1,D11,S2,21,20,4779,Archaea,54121,10824,4.03,3,A2,D,D21A2,17207.98,186259125,8.27
A1,D12,S2,21,20,4779,Archaea,54011,10802,4.03,4,A2,D,D21A2,17207.98,185880549,8.27
A2,E10,S20,21,20,6177,Archaea,14680,2936,3.47,1,A20,D,D21A20,22465.87,65959806,7.82
A2,F10,S20,21,20,6177,Archaea,12891,2578,3.41,2,A20,D,D21A20,22465.87,57917023,7.76
A2,F20,S20,21,20,6177,Archaea,24898,4980,3.7,3,A20,D,D21A20,22465.87,111880052,8.05
A1,E11,S3,21,20,2318,Archaea,13905,2781,3.44,1,A3,D,D21A3,21274.55,59164518,7.77
A1,E12,S3,21,20,2318,Archaea,13134,2627,3.42,2,A3,D,D21A3,21274.55,55888238,7.75
A1,F11,S3,21,20,2318,Archaea,13889,2778,3.44,3,A3,D,D21A3,21274.55,59100695,7.77
A1,F12,S3,21,20,2318,Archaea,12994,2599,3.41,4,A3,D,D21A3,21274.55,55292551,7.74
A1,G11,S4,21,20,3919,Archaea,54300,10860,4.04,1,A4,D,D21A4,37132.81,403262319,8.61
A1,G12,S4,21,20,3919,Archaea,56382,11276,4.05,2,A4,D,D21A4,37132.81,418709568,8.62
A1,H11,S4,21,20,3919,Archaea,53999,10800,4.03,3,A4,D,D21A4,37132.81,401034350,8.6
A1,H12,S4,21,20,3919,Archaea,56164,11233,4.05,4,A4,D,D21A4,37132.81,417112857,8.62
A1,I11,S5,21,20,2512,Archaea,24202,4840,3.68,1,A5,D,D21A5,32622.77,157894186,8.2
A1,I12,S5,21,20,2512,Archaea,24705,4941,3.69,2,A5,D,D21A5,32622.77,161189086,8.21
A1,J11,S5,21,20,2512,Archaea,24909,4982,3.7,3,A5,D,D21A5,32622.77,162526619,8.21
A1,J12,S5,21,20,2512,Archaea,24235,4847,3.69,4,A5,D,D21A5,32622.77,158122546,8.2
A2,I08,S6,21,20,116,Archaea,69765,13953,4.14,1,A6,D,D21A6,27476.69,383382285,8.58
A2,J08,S6,21,20,116,Archaea,61979,12396,4.09,2,A6,D,D21A6,27476.69,340601075,8.53
A2,J19,S6,21,20,116,Archaea,45357,9071,3.96,3,A6,D,D21A6,27476.69,249241074,8.4
A2,K08,S7,21,20,124,Archaea,23400,4680,3.67,1,A7,D,D21A7,10643.24,49810376,7.7
A2,L08,S7,21,20,124,Archaea,17026,3405,3.53,2,A7,D,D21A7,10643.24,36240242,7.56
A2,L19,S7,21,20,124,Archaea,29779,5956,3.77,3,A7,D,D21A7,10643.24,63391154,7.8
A2,M08,S8,21,20,353,Archaea,207010,41402,4.62,1,A8,D,D21A8,8251.49,341628254,8.53
A2,N08,S8,21,20,353,Archaea,100996,20199,4.31,2,A8,D,D21A8,8251.49,166671878,8.22
A2,N19,S8,21,20,353,Archaea,337792,67558,4.83,3,A8,D,D21A8,8251.49,557454268,8.75
A2,O08,S9,21,20,6023,Archaea,14127,2825,3.45,1,A9,D,D21A9,10475.96,29594581,7.47
A2,P08,S9,21,20,6023,Archaea,13297,2659,3.42,2,A9,D,D21A9,10475.96,27855572,7.44
A2,P19,S9,21,20,6023,Archaea,16743,3349,3.52,3,A9,D,D21A9,10475.96,35083983,7.55
A1,E13,S1,28,20,3865,Archaea,96137,19227,4.28,1,A1,D,D28A1,25559.66,491435573,8.69
A1,E14,S1,28,20,3865,Archaea,94629,18926,4.28,2,A1,D,D28A1,25559.66,483742115,8.68
A1,F13,S1,28,20,3865,Archaea,112149,22430,4.35,3,A1,D,D28A1,25559.66,573303162,8.76
A1,F14,S1,28,20,3865,Archaea,85827,17165,4.23,4,A1,D,D28A1,25559.66,438731555,8.64
A2,O10,S10,28,20,1881,Archaea,32828,6566,3.82,1,A10,D,D28A10,14183.35,93127877,7.97
A2,P10,S10,28,20,1881,Archaea,11060,2212,3.34,2,A10,D,D28A10,14183.35,31373570,7.5
A2,P20,S10,28,20,1881,Archaea,12248,2450,3.39,3,A10,D,D28A10,14183.35,34749208,7.54
A2,A11,S11,28,20,2259,Archaea,75067,15013,4.18,1,A11,D,D28A11,4478.57,67236814,7.83
A2,A21,S11,28,20,2259,Archaea,132307,26461,4.42,2,A11,D,D28A11,4478.57,118507515,8.07
A2,B11,S11,28,20,2259,Archaea,44877,8975,3.95,3,A11,D,D28A11,4478.57,40195191,7.6
A2,C11,S12,28,20,2407,Archaea,26141,5228,3.72,1,A12,D,D28A12,5251.62,27455467,7.44
A2,C21,S12,28,20,2407,Archaea,32695,6539,3.82,2,A12,D,D28A12,5251.62,34340340,7.54
A2,D11,S12,28,20,2407,Archaea,16539,3308,3.52,3,A12,D,D28A12,5251.62,17372357,7.24
A2,E11,S13,28,20,2408,Archaea,18203,3641,3.56,1,A13,D,D28A13,11178.21,40699859,7.61
A2,E21,S13,28,20,2408,Archaea,98999,19800,4.3,2,A13,D,D28A13,11178.21,221328537,8.35
A2,F11,S13,28,20,2408,Archaea,10131,2026,3.31,3,A13,D,D28A13,11178.21,22647051,7.36
A2,G11,S14,28,20,2411,Archaea,27707,5541,3.74,1,A14,D,D28A14,7438.82,41218496,7.62
A2,G21,S14,28,20,2411,Archaea,22625,4525,3.66,2,A14,D,D28A14,7438.82,33660656,7.53
A2,H11,S14,28,20,2411,Archaea,7068,1414,3.15,3,A14,D,D28A14,7438.82,10518490,7.02
A2,I11,S15,28,20,2417,Archaea,31297,6259,3.8,1,A15,D,D28A15,7448.67,46621231,7.67
A2,I21,S15,28,20,2417,Archaea,28164,5633,3.75,2,A15,D,D28A15,7448.67,41958363,7.62
A2,J11,S15,28,20,2417,Archaea,22823,4565,3.66,3,A15,D,D28A15,7448.67,34003182,7.53
A2,K11,S16,28,20,4254,Archaea,61176,12235,4.09,1,A16,D,D28A16,19391.33,237252925,8.38
A2,K21,S16,28,20,4254,Archaea,53200,10640,4.03,2,A16,D,D28A16,19391.33,206323753,8.31
A2,L11,S16,28,20,4254,Archaea,32005,6401,3.81,3,A16,D,D28A16,19391.33,124123904,8.09
A2,M11,S17,28,20,2665,Archaea,66061,13212,4.12,1,A17,D,D28A17,34503.04,455854134,8.66
A2,M21,S17,28,20,2665,Archaea,268623,53725,4.73,2,A17,D,D28A17,34503.04,1853675702,9.27
A2,N11,S17,28,20,2665,Archaea,62111,12422,4.09,3,A17,D,D28A17,34503.04,428596735,8.63
A2,O11,S18,28,20,6127,Archaea,49435,9887,4,1,A18,D,D28A18,11375.64,112470916,8.05
A2,O21,S18,28,20,6127,Archaea,16436,3287,3.52,2,A18,D,D28A18,11375.64,37391717,7.57
A2,P11,S18,28,20,6127,Archaea,13120,2624,3.42,3,A18,D,D28A18,11375.64,29849670,7.47
A2,A12,S19,28,20,6135,Archaea,28024,5605,3.75,1,A19,D,D28A19,13739.63,77010653,7.89
A2,B12,S19,28,20,6135,Archaea,22304,4461,3.65,2,A19,D,D28A19,13739.63,61292511,7.79
A2,B21,S19,28,20,6135,Archaea,62567,12513,4.1,3,A19,D,D28A19,13739.63,171924051,8.24
A1,G13,S2,28,20,4779,Archaea,54649,10930,4.04,1,A2,D,D28A2,14843.11,162235146,8.21
A1,G14,S2,28,20,4779,Archaea,55689,11138,4.05,2,A2,D,D28A2,14843.11,165322512,8.22
A1,H13,S2,28,20,4779,Archaea,51295,10259,4.01,3,A2,D,D28A2,14843.11,152275422,8.18
A1,H14,S2,28,20,4779,Archaea,48356,9671,3.99,4,A2,D,D28A2,14843.11,143547676,8.16
A2,C12,S20,28,20,6177,Archaea,26335,5267,3.72,1,A20,D,D28A20,16804.16,88507486,7.95
A2,D12,S20,28,20,6177,Archaea,31149,6230,3.79,2,A20,D,D28A20,16804.16,104689888,8.02
A2,D21,S20,28,20,6177,Archaea,37744,7549,3.88,3,A20,D,D28A20,16804.16,126854569,8.1
A1,I13,S3,28,20,2318,Archaea,12971,2594,3.41,1,A3,D,D28A3,17886.26,46396965,7.67
A1,I14,S3,28,20,2318,Archaea,12995,2599,3.41,2,A3,D,D28A3,17886.26,46486396,7.67
A1,J13,S3,28,20,2318,Archaea,13424,2685,3.43,3,A3,D,D28A3,17886.26,48024614,7.68
A1,J14,S3,28,20,2318,Archaea,13058,2612,3.42,4,A3,D,D28A3,17886.26,46718917,7.67
A1,K13,S4,28,20,3919,Archaea,58157,11631,4.07,1,A4,D,D28A4,30735.05,357479363,8.55
A1,K14,S4,28,20,3919,Archaea,54318,10864,4.04,2,A4,D,D28A4,30735.05,333905580,8.52
A1,L13,S4,28,20,3919,Archaea,59884,11977,4.08,3,A4,D,D28A4,30735.05,368113690,8.57
A1,L14,S4,28,20,3919,Archaea,58294,11659,4.07,4,A4,D,D28A4,30735.05,358339945,8.55
A1,M13,S5,28,20,2512,Archaea,26179,5236,3.72,1,A5,D,D28A5,29477.42,154343771,8.19
A1,M14,S5,28,20,2512,Archaea,29368,5874,3.77,2,A5,D,D28A5,29477.42,173150365,8.24
A1,N13,S5,28,20,2512,Archaea,25606,5121,3.71,3,A5,D,D28A5,29477.42,150953868,8.18
A1,N14,S5,28,20,2512,Archaea,25832,5166,3.71,4,A5,D,D28A5,29477.42,152280352,8.18
A2,G10,S6,28,20,116,Archaea,49122,9824,3.99,1,A6,D,D28A6,22690.7,222913483,8.35
A2,H10,S6,28,20,116,Archaea,48893,9779,3.99,2,A6,D,D28A6,22690.7,221892401,8.35
A2,H20,S6,28,20,116,Archaea,151264,30253,4.48,3,A6,D,D28A6,22690.7,686461889,8.84
A2,I10,S7,28,20,124,Archaea,37213,7443,3.87,1,A7,D,D28A7,8807.06,65550945,7.82
A2,J10,S7,28,20,124,Archaea,24701,4940,3.69,2,A7,D,D28A7,8807.06,43506875,7.64
A2,J20,S7,28,20,124,Archaea,19057,3811,3.58,3,A7,D,D28A7,8807.06,33563704,7.53
A2,K10,S8,28,20,353,Archaea,76436,15287,4.18,1,A8,D,D28A8,7850.49,120010501,8.08
A2,L10,S8,28,20,353,Archaea,58395,11679,4.07,2,A8,D,D28A8,7850.49,91685919,7.96
A2,L20,S8,28,20,353,Archaea,107222,21444,4.33,3,A8,D,D28A8,7850.49,168345993,8.23
A2,M10,S9,28,20,6023,Archaea,7614,1523,3.18,1,A9,D,D28A9,9996.42,15224552,7.18
A2,N10,S9,28,20,6023,Archaea,5143,1029,3.01,2,A9,D,D28A9,9996.42,10286319,7.01
A2,N20,S9,28,20,6023,Archaea,18807,3761,3.58,3,A9,D,D28A9,9996.42,37596547,7.58
A1,E03,S1,3,20,3865,Archaea,102629,20526,4.31,1,A1,D,D3A1,26769.49,549470481,8.74
A1,E04,S1,3,20,3865,Archaea,96527,19305,4.29,2,A1,D,D3A1,26769.49,516784938,8.71
A1,F03,S1,3,20,3865,Archaea,105197,21039,4.32,3,A1,D,D3A1,26769.49,563203228,8.75
A1,F04,S1,3,20,3865,Archaea,102344,20469,4.31,4,A1,D,D3A1,26769.49,547944620,8.74
A2,G03,S10,3,20,1881,Archaea,25244,5049,3.7,1,A10,D,D3A10,15411.8,77814169,7.89
A2,G17,S10,3,20,1881,Archaea,43136,8627,3.94,2,A10,D,D3A10,15411.8,132957582,8.12
A2,H03,S10,3,20,1881,Archaea,38669,7734,3.89,3,A10,D,D3A10,15411.8,119194847,8.08
A2,I03,S11,3,20,2259,Archaea,35825,7165,3.86,1,A11,D,D3A11,11531.22,82621187,7.92
A2,I17,S11,3,20,2259,Archaea,34872,6974,3.84,2,A11,D,D3A11,11531.22,80418724,7.91
A2,J03,S11,3,20,2259,Archaea,30640,6128,3.79,3,A11,D,D3A11,11531.22,70663312,7.85
A2,K03,S12,3,20,2407,Archaea,8736,1747,3.24,1,A12,D,D3A12,14264.48,24920044,7.4
A2,K17,S12,3,20,2407,Archaea,14666,2933,3.47,2,A12,D,D3A12,14264.48,41837716,7.62
A2,L03,S12,3,20,2407,Archaea,7309,1462,3.16,3,A12,D,D3A12,14264.48,20854668,7.32
A2,M03,S13,3,20,2408,Archaea,19800,3960,3.6,1,A13,D,D3A13,7039.75,27877419,7.45
A2,M17,S13,3,20,2408,Archaea,26232,5246,3.72,2,A13,D,D3A13,7039.75,36930541,7.57
A2,N03,S13,3,20,2408,Archaea,24082,4816,3.68,3,A13,D,D3A13,7039.75,33903447,7.53
A2,O03,S14,3,20,2411,Archaea,9972,1994,3.3,1,A14,D,D3A14,6625.04,13210340,7.12
A2,O17,S14,3,20,2411,Archaea,42986,8597,3.93,2,A14,D,D3A14,6625.04,56955512,7.76
A2,P03,S14,3,20,2411,Archaea,3832,766,2.88,3,A14,D,D3A14,6625.04,5074784,6.71
A2,A04,S15,3,20,2417,Archaea,61339,12268,4.09,1,A15,D,D3A15,7832.91,96094086,7.98
A2,B04,S15,3,20,2417,Archaea,44791,8958,3.95,2,A15,D,D3A15,7832.91,70167168,7.85
A2,B17,S15,3,20,2417,Archaea,77184,15437,4.19,3,A15,D,D3A15,7832.91,120916564,8.08
A2,C04,S16,3,20,4254,Archaea,123356,24671,4.39,1,A16,D,D3A16,16647.97,410722182,8.61
A2,D04,S16,3,20,4254,Archaea,91385,18277,4.26,2,A16,D,D3A16,16647.97,304275032,8.48
A2,D17,S16,3,20,4254,Archaea,67445,13489,4.13,3,A16,D,D3A16,16647.97,224564530,8.35
A2,E04,S17,3,20,2665,Archaea,83752,16750,4.22,1,A17,D,D3A17,24216.59,405627930,8.61
A2,F04,S17,3,20,2665,Archaea,51740,10348,4.01,2,A17,D,D3A17,24216.59,250593303,8.4
A2,F17,S17,3,20,2665,Archaea,68255,13651,4.14,3,A17,D,D3A17,24216.59,330580709,8.52
A2,G04,S18,3,20,6127,Archaea,35697,7139,3.85,1,A18,D,D3A18,8288.82,59173900,7.77
A2,H04,S18,3,20,6127,Archaea,34841,6968,3.84,2,A18,D,D3A18,8288.82,57756512,7.76
A2,H17,S18,3,20,6127,Archaea,31439,6288,3.8,3,A18,D,D3A18,8288.82,52120113,7.72
A2,I04,S19,3,20,6135,Archaea,27971,5594,3.75,1,A19,D,D3A19,10951.39,61262076,7.79
A2,J04,S19,3,20,6135,Archaea,25958,5192,3.72,2,A19,D,D3A19,10951.39,56859617,7.75
A2,J17,S19,3,20,6135,Archaea,23887,4777,3.68,3,A19,D,D3A19,10951.39,52314790,7.72
A1,G03,S2,3,20,4779,Archaea,61216,12243,4.09,1,A2,D,D3A2,20936.45,256324901,8.41
A1,G04,S2,3,20,4779,Archaea,51285,10257,4.01,2,A2,D,D3A2,20936.45,214745121,8.33
A1,H03,S2,3,20,4779,Archaea,56229,11246,4.05,3,A2,D,D3A2,20936.45,235451265,8.37
A1,H04,S2,3,20,4779,Archaea,57651,11530,4.06,4,A2,D,D3A2,20936.45,241397216,8.38
A2,K04,S20,3,20,6177,Archaea,18995,3799,3.58,1,A20,D,D3A20,18076.27,68671740,7.84
A2,L04,S20,3,20,6177,Archaea,14728,2946,3.47,2,A20,D,D3A20,18076.27,53252684,7.73
A2,L17,S20,3,20,6177,Archaea,20094,4019,3.6,3,A20,D,D3A20,18076.27,72648519,7.86
A1,I03,S3,3,20,2318,Archaea,19120,3824,3.58,1,A3,D,D3A3,18334.23,70110088,7.85
A1,I04,S3,3,20,2318,Archaea,18540,3708,3.57,2,A3,D,D3A3,18334.23,67983318,7.83
A1,J03,S3,3,20,2318,Archaea,20936,4187,3.62,3,A3,D,D3A3,18334.23,76765413,7.89
A1,J04,S3,3,20,2318,Archaea,20708,4142,3.62,4,A3,D,D3A3,18334.23,75940373,7.88
A1,K03,S4,3,20,3919,Archaea,48911,9782,3.99,1,A4,D,D3A4,39109.05,382564727,8.58
A1,K04,S4,3,20,3919,Archaea,41189,8238,3.92,2,A4,D,D3A4,39109.05,322180354,8.51
A1,L03,S4,3,20,3919,Archaea,54766,10953,4.04,3,A4,D,D3A4,39109.05,428361425,8.63
A1,L04,S4,3,20,3919,Archaea,51821,10364,4.02,4,A4,D,D3A4,39109.05,405326194,8.61
A1,M03,S5,3,20,2512,Archaea,21791,4358,3.64,1,A5,D,D3A5,36962.85,161084098,8.21
A1,M04,S5,3,20,2512,Archaea,22811,4562,3.66,2,A5,D,D3A5,36962.85,168624519,8.23
A1,N03,S5,3,20,2512,Archaea,27377,5475,3.74,3,A5,D,D3A5,36962.85,202371600,8.31
A1,N04,S5,3,20,2512,Archaea,26238,5248,3.72,4,A5,D,D3A5,36962.85,193981033,8.29
A2,O02,S6,3,20,116,Archaea,185973,37195,4.57,1,A6,D,D3A6,23988.71,892260081,8.95
A2,P02,S6,3,20,116,Archaea,6960,1392,3.14,2,A6,D,D3A6,23988.71,33392285,7.52
A2,P16,S6,3,20,116,Archaea,51432,10286,4.01,3,A6,D,D3A6,23988.71,246747875,8.39
A2,A03,S7,3,20,124,Archaea,41727,8345,3.92,1,A7,D,D3A7,5340.76,44568643,7.65
A2,A17,S7,3,20,124,Archaea,59184,11837,4.07,2,A7,D,D3A7,5340.76,63218578,7.8
A2,B03,S7,3,20,124,Archaea,56668,11334,4.05,3,A7,D,D3A7,5340.76,60532176,7.78
A2,C03,S8,3,20,353,Archaea,164648,32930,4.52,1,A8,D,D3A8,6930.84,228232710,8.36
A2,C17,S8,3,20,353,Archaea,174816,34963,4.54,2,A8,D,D3A8,6930.84,242323116,8.38
A2,D03,S8,3,20,353,Archaea,132535,26507,4.42,3,A8,D,D3A8,6930.84,183715895,8.26
A2,E03,S9,3,20,6023,Archaea,15892,3178,3.5,1,A9,D,D3A9,12711.14,40396012,7.61
A2,E17,S9,3,20,6023,Archaea,19501,3900,3.59,2,A9,D,D3A9,12711.14,49573458,7.7
A2,F03,S9,3,20,6023,Archaea,29762,5952,3.77,3,A9,D,D3A9,12711.14,75656723,7.88
A1,I15,S1,60,20,3865,Archaea,95879,19176,4.28,1,A1,D,D60A1,23264.04,446111147,8.65
A1,I16,S1,60,20,3865,Archaea,104252,20850,4.32,2,A1,D,D60A1,23264.04,485055143,8.69
A1,J15,S1,60,20,3865,Archaea,96754,19351,4.29,3,A1,D,D60A1,23264.04,450182353,8.65
A1,J16,S1,60,20,3865,Archaea,93291,18658,4.27,4,A1,D,D60A1,23264.04,434060376,8.64
A2,M12,S10,60,20,1881,Archaea,9056,1811,3.26,1,A10,D,D60A10,16966.13,30725670,7.49
A2,N12,S10,60,20,1881,Archaea,11024,2205,3.34,2,A10,D,D60A10,16966.13,37410327,7.57
A2,N21,S10,60,20,1881,Archaea,10949,2190,3.34,3,A10,D,D60A10,16966.13,37155835,7.57
A2,O12,S11,60,20,2259,Archaea,9758,1952,3.29,1,A11,D,D60A11,21913.37,42774895,7.63
A2,P12,S11,60,20,2259,Archaea,13369,2674,3.43,2,A11,D,D60A11,21913.37,58596348,7.77
A2,P21,S11,60,20,2259,Archaea,32645,6529,3.81,3,A11,D,D60A11,21913.37,143072383,8.16
A2,A13,S12,60,20,2407,Archaea,7261,1452,3.16,1,A12,D,D60A12,26724.82,38804445,7.59
A2,A22,S12,60,20,2407,Archaea,9953,1991,3.3,2,A12,D,D60A12,26724.82,53209125,7.73
A2,B13,S12,60,20,2407,Archaea,6853,1371,3.14,3,A12,D,D60A12,26724.82,36639734,7.56
A2,C13,S13,60,20,2408,Archaea,24508,4902,3.69,1,A13,D,D60A13,10445.2,51202387,7.71
A2,C22,S13,60,20,2408,Archaea,33580,6716,3.83,2,A13,D,D60A13,10445.2,70149986,7.85
A2,D13,S13,60,20,2408,Archaea,18322,3664,3.56,3,A13,D,D60A13,10445.2,38271225,7.58
A2,E13,S14,60,20,2411,Archaea,8278,1656,3.22,1,A14,D,D60A14,8207.6,13591787,7.13
A2,E22,S14,60,20,2411,Archaea,16909,3382,3.53,2,A14,D,D60A14,8207.6,27758106,7.44
A2,F13,S14,60,20,2411,Archaea,6851,1370,3.14,3,A14,D,D60A14,8207.6,11244413,7.05
A2,G13,S15,60,20,2417,Archaea,31118,6224,3.79,1,A15,D,D60A15,8095.22,50384641,7.7
A2,G22,S15,60,20,2417,Archaea,117245,23449,4.37,2,A15,D,D60A15,8095.22,189824781,8.28
A2,H13,S15,60,20,2417,Archaea,18930,3786,3.58,3,A15,D,D60A15,8095.22,30648498,7.49
A2,I13,S16,60,20,4254,Archaea,131107,26221,4.42,1,A16,D,D60A16,18249.05,478508402,8.68
A2,I22,S16,60,20,4254,Archaea,61597,12319,4.09,2,A16,D,D60A16,18249.05,224810076,8.35
A2,J13,S16,60,20,4254,Archaea,64353,12871,4.11,3,A16,D,D60A16,18249.05,234883553,8.37
A2,K13,S17,60,20,2665,Archaea,61575,12315,4.09,1,A17,D,D60A17,21540.13,265266735,8.42
A2,K22,S17,60,20,2665,Archaea,93618,18724,4.27,2,A17,D,D60A17,21540.13,403317445,8.61
A2,L13,S17,60,20,2665,Archaea,72835,14567,4.16,3,A17,D,D60A17,21540.13,313775114,8.5
A2,M13,S18,60,20,6127,Archaea,15342,3068,3.49,1,A18,D,D60A18,12370.42,37952463,7.58
A2,M22,S18,60,20,6127,Archaea,9273,1855,3.27,2,A18,D,D60A18,12370.42,22947138,7.36
A2,N13,S18,60,20,6127,Archaea,17192,3438,3.54,3,A18,D,D60A18,12370.42,42529520,7.63
A2,O13,S19,60,20,6135,Archaea,19961,3992,3.6,1,A19,D,D60A19,13082.13,52223853,7.72
A2,O22,S19,60,20,6135,Archaea,66789,13358,4.13,2,A19,D,D60A19,13082.13,174751059,8.24
A2,P13,S19,60,20,6135,Archaea,27629,5526,3.74,3,A19,D,D60A19,13082.13,72291836,7.86
A1,K15,S2,60,20,4779,Archaea,39732,7946,3.9,1,A2,D,D60A2,16230.79,128969862,8.11
A1,K16,S2,60,20,4779,Archaea,43074,8615,3.94,2,A2,D,D60A2,16230.79,139828261,8.15
A1,L15,S2,60,20,4779,Archaea,45554,9111,3.96,3,A2,D,D60A2,16230.79,147878733,8.17
A1,L16,S2,60,20,4779,Archaea,41612,8322,3.92,4,A2,D,D60A2,16230.79,135072640,8.13
A2,A14,S20,60,20,6177,Archaea,31973,6395,3.81,1,A20,D,D60A20,17105.48,109389530,8.04
A2,B14,S20,60,20,6177,Archaea,28511,5702,3.76,2,A20,D,D60A20,17105.48,97535434,7.99
A2,B22,S20,60,20,6177,Archaea,40311,8062,3.91,3,A20,D,D60A20,17105.48,137904361,8.14
A1,M15,S3,60,20,2318,Archaea,9148,1830,3.26,1,A3,D,D60A3,19031.17,34827038,7.54
A1,M16,S3,60,20,2318,Archaea,9186,1837,3.26,2,A3,D,D60A3,19031.17,34960256,7.54
A1,N15,S3,60,20,2318,Archaea,10626,2125,3.33,3,A3,D,D60A3,19031.17,40441232,7.61
A1,N16,S3,60,20,2318,Archaea,9091,1818,3.26,4,A3,D,D60A3,19031.17,34598664,7.54
A1,O15,S4,60,20,3919,Archaea,63050,12610,4.1,1,A4,D,D60A4,29144.57,367513079,8.57
A1,O16,S4,60,20,3919,Archaea,52434,10487,4.02,2,A4,D,D60A4,29144.57,305639148,8.49
A1,P15,S4,60,20,3919,Archaea,74770,14954,4.17,3,A4,D,D60A4,29144.57,435827960,8.64
A1,P16,S4,60,20,3919,Archaea,79380,15876,4.2,4,A4,D,D60A4,29144.57,462699258,8.67
A1,A17,S5,60,20,2512,Archaea,28194,5639,3.75,1,A5,D,D60A5,20615.28,116249568,8.07
A1,A18,S5,60,20,2512,Archaea,28876,5775,3.76,2,A5,D,D60A5,20615.28,119053246,8.08
A1,B17,S5,60,20,2512,Archaea,28924,5785,3.76,3,A5,D,D60A5,20615.28,119259399,8.08
A1,B18,S5,60,20,2512,Archaea,27570,5514,3.74,4,A5,D,D60A5,20615.28,113672658,8.06
A2,E12,S6,60,20,116,Archaea,102103,20421,4.31,1,A6,D,D60A6,19113.32,390313132,8.59
A2,F12,S6,60,20,116,Archaea,69644,13929,4.14,2,A6,D,D60A6,19113.32,266229451,8.43
A2,F21,S6,60,20,116,Archaea,102033,20407,4.31,3,A6,D,D60A6,19113.32,390045546,8.59
A2,G12,S7,60,20,124,Archaea,53576,10715,4.03,1,A7,D,D60A7,7876.21,84393585,7.93
A2,H12,S7,60,20,124,Archaea,16204,3241,3.51,2,A7,D,D60A7,7876.21,25526795,7.41
A2,H21,S7,60,20,124,Archaea,30070,6014,3.78,3,A7,D,D60A7,7876.21,47367524,7.68
A2,I12,S8,60,20,353,Archaea,61799,12360,4.09,1,A8,D,D60A8,7003.86,86567688,7.94
A2,J12,S8,60,20,353,Archaea,43514,8703,3.94,2,A8,D,D60A8,7003.86,60954578,7.79
A2,J21,S8,60,20,353,Archaea,187437,37487,4.57,3,A8,D,D60A8,7003.86,262553634,8.42
A2,K12,S9,60,20,6023,Archaea,14808,2962,3.47,1,A9,D,D60A9,8967.28,26561079,7.42
A2,L12,S9,60,20,6023,Archaea,13710,2742,3.44,2,A9,D,D60A9,8967.28,24588277,7.39
A2,L21,S9,60,20,6023,Archaea,37633,7527,3.88,3,A9,D,D60A9,8967.28,67496705,7.83
A1,I05,S1,7,20,3865,Archaea,85815,17163,4.23,1,A1,D,D7A1,31327.19,537668506,8.73
A1,I06,S1,7,20,3865,Archaea,93589,18718,4.27,2,A1,D,D7A1,31327.19,586382282,8.77
A1,J05,S1,7,20,3865,Archaea,86744,17349,4.24,3,A1,D,D7A1,31327.19,543495363,8.74
A1,J06,S1,7,20,3865,Archaea,75344,15069,4.18,4,A1,D,D7A1,31327.19,472069377,8.67
A2,E05,S10,7,20,1881,Archaea,16304,3261,3.51,1,A10,D,D7A10,17419.56,56805172,7.75
A2,E18,S10,7,20,1881,Archaea,38517,7703,3.89,2,A10,D,D7A10,17419.56,134182840,8.13
A2,F05,S10,7,20,1881,Archaea,18352,3670,3.56,3,A10,D,D7A10,17419.56,63929771,7.81
A2,G05,S11,7,20,2259,Archaea,31985,6397,3.81,1,A11,D,D7A11,14655.73,93752735,7.97
A2,G18,S11,7,20,2259,Archaea,34379,6876,3.84,2,A11,D,D7A11,14655.73,100772832,8
A2,H05,S11,7,20,2259,Archaea,30810,6162,3.79,3,A11,D,D7A11,14655.73,90308637,7.96
A2,I05,S12,7,20,2407,Archaea,10615,2123,3.33,1,A12,D,D7A12,19279.25,40929842,7.61
A2,I18,S12,7,20,2407,Archaea,12387,2477,3.39,2,A12,D,D7A12,19279.25,47754695,7.68
A2,J05,S12,7,20,2407,Archaea,6091,1218,3.09,3,A12,D,D7A12,19279.25,23482123,7.37
A2,K05,S13,7,20,2408,Archaea,12827,2565,3.41,1,A13,D,D7A13,10372.73,26606063,7.42
A2,K18,S13,7,20,2408,Archaea,11953,2391,3.38,2,A13,D,D7A13,10372.73,24801207,7.39
A2,L05,S13,7,20,2408,Archaea,36185,7237,3.86,3,A13,D,D7A13,10372.73,75067476,7.88
A2,M05,S14,7,20,2411,Archaea,9146,1829,3.26,1,A14,D,D7A14,9515.01,17402955,7.24
A2,M18,S14,7,20,2411,Archaea,9508,1902,3.28,2,A14,D,D7A14,9515.01,18097551,7.26
A2,N05,S14,7,20,2411,Archaea,9744,1949,3.29,3,A14,D,D7A14,9515.01,18544757,7.27
A2,O05,S15,7,20,2417,Archaea,51101,10220,4.01,1,A15,D,D7A15,7195.01,73533004,7.87
A2,O18,S15,7,20,2417,Archaea,20854,4171,3.62,2,A15,D,D7A15,7195.01,30010388,7.48
A2,P05,S15,7,20,2417,Archaea,30749,6150,3.79,3,A15,D,D7A15,7195.01,44249313,7.65
A2,A06,S16,7,20,4254,Archaea,65141,13028,4.11,1,A16,D,D7A16,25997.61,338696859,8.53
A2,B06,S16,7,20,4254,Archaea,87044,17409,4.24,2,A16,D,D7A16,25997.61,452592387,8.66
A2,B18,S16,7,20,4254,Archaea,65270,13054,4.12,3,A16,D,D7A16,25997.61,339372797,8.53
A2,C06,S17,7,20,2665,Archaea,71940,14388,4.16,1,A17,D,D7A17,27411.11,394390998,8.6
A2,D06,S17,7,20,2665,Archaea,59228,11846,4.07,2,A17,D,D7A17,27411.11,324711966,8.51
A2,D18,S17,7,20,2665,Archaea,104042,20808,4.32,3,A17,D,D7A17,27411.11,570370301,8.76
A2,E06,S18,7,20,6127,Archaea,26813,5363,3.73,1,A18,D,D7A18,12710.08,68164170,7.83
A2,F06,S18,7,20,6127,Archaea,7813,1563,3.19,2,A18,D,D7A18,12710.08,19865858,7.3
A2,F18,S18,7,20,6127,Archaea,29,6,0.77,3,A18,D,D7A18,12710.08,76260,4.88
A2,G06,S19,7,20,6135,Archaea,26083,5217,3.72,1,A19,D,D7A19,13911.15,72574448,7.86
A2,H06,S19,7,20,6135,Archaea,25173,5035,3.7,2,A19,D,D7A19,13911.15,70042619,7.85
A2,H18,S19,7,20,6135,Archaea,,0,3.71,3,A19,D,D7A19,13911.15,0,7.85
A1,K05,S2,7,20,4779,Archaea,47410,9482,3.98,1,A2,D,D7A2,23512.79,222948322,8.35
A1,K06,S2,7,20,4779,Archaea,51378,10276,4.01,2,A2,D,D7A2,23512.79,241617481,8.38
A1,L05,S2,7,20,4779,Archaea,53288,10658,4.03,3,A2,D,D7A2,23512.79,250599368,8.4
A1,L06,S2,7,20,4779,Archaea,54475,10895,4.04,4,A2,D,D7A2,23512.79,256171901,8.41
A2,I06,S20,7,20,6177,Archaea,23772,4754,3.68,1,A20,D,D7A20,17359.95,82529196,7.92
A2,J06,S20,7,20,6177,Archaea,46024,9205,3.96,2,A20,D,D7A20,17359.95,159798327,8.2
A2,J18,S20,7,20,6177,Archaea,35981,7196,3.86,3,A20,D,D7A20,17359.95,124922190,8.1
A1,M05,S3,7,20,2318,Archaea,17495,3499,3.54,1,A3,D,D7A3,23012.24,80519836,7.91
A1,M06,S3,7,20,2318,Archaea,14656,2931,3.47,2,A3,D,D7A3,23012.24,67448882,7.83
A1,N05,S3,7,20,2318,Archaea,18371,3674,3.57,3,A3,D,D7A3,23012.24,84546978,7.93
A1,N06,S3,7,20,2318,Archaea,16743,3349,3.52,4,A3,D,D7A3,23012.24,77068000,7.89
A1,O05,S4,7,20,3919,Archaea,50768,10154,4.01,1,A4,D,D7A4,34164.3,346904266,8.54
A1,O06,S4,7,20,3919,Archaea,55860,11172,4.05,2,A4,D,D7A4,34164.3,381683520,8.58
A1,P05,S4,7,20,3919,Archaea,80302,16060,4.21,3,A4,D,D7A4,34164.3,548678601,8.74
A1,P06,S4,7,20,3919,Archaea,71728,14346,4.16,4,A4,D,D7A4,34164.3,490120997,8.69
A1,A07,S5,7,20,2512,Archaea,26214,5243,3.72,1,A5,D,D7A5,40565.2,212683344,8.33
A1,A08,S5,7,20,2512,Archaea,26982,5396,3.73,2,A5,D,D7A5,40565.2,218889819,8.34
A1,B07,S5,7,20,2512,Archaea,23925,4785,3.68,3,A5,D,D7A5,40565.2,194104482,8.29
A1,B08,S5,7,20,2512,Archaea,25947,5189,3.72,4,A5,D,D7A5,40565.2,210492823,8.32
A2,M04,S6,7,20,116,Archaea,52037,10407,4.02,1,A6,D,D7A6,25217.14,262434779,8.42
A2,N04,S6,7,20,116,Archaea,42025,8405,3.92,2,A6,D,D7A6,25217.14,211950064,8.33
A2,N17,S6,7,20,116,Archaea,74658,14932,4.17,3,A6,D,D7A6,25217.14,376542339,8.58
A2,O04,S7,7,20,124,Archaea,25335,5067,3.7,1,A7,D,D7A7,9280.47,47024153,7.67
A2,P04,S7,7,20,124,Archaea,18820,3764,3.58,2,A7,D,D7A7,9280.47,34931697,7.54
A2,P17,S7,7,20,124,Archaea,27340,5468,3.74,3,A7,D,D7A7,9280.47,50745622,7.71
A2,A05,S8,7,20,353,Archaea,154612,30922,4.49,1,A8,D,D7A8,7692.54,237868698,8.38
A2,A18,S8,7,20,353,Archaea,151654,30331,4.48,2,A8,D,D7A8,7692.54,233322407,8.37
A2,B05,S8,7,20,353,Archaea,169139,33828,4.53,3,A8,D,D7A8,7692.54,260223217,8.42
A2,C05,S9,7,20,6023,Archaea,19724,3945,3.6,1,A9,D,D7A9,9063.68,35756216,7.55
A2,C18,S9,7,20,6023,Archaea,20619,4124,3.62,2,A9,D,D7A9,9063.68,37378614,7.57
A2,D05,S9,7,20,6023,Archaea,18396,3679,3.57,3,A9,D,D7A9,9063.68,33345277,7.52
A1,M17,S1,0,12,3865,Archaea,69939,13988,4.15,1,B1,D,D0B1,19307.75,270076774,8.43
A1,M18,S1,0,12,3865,Archaea,70153,14031,4.15,2,B1,D,D0B1,19307.75,270907007,8.43
A1,N17,S1,0,12,3865,Archaea,78330,15666,4.19,3,B1,D,D0B1,19307.75,302475174,8.48
A1,N18,S1,0,12,3865,Archaea,62351,12470,4.1,4,B1,D,D0B1,19307.75,240767613,8.38
B2,K14,S10,0,12,1881,Archaea,14763,2953,3.47,1,B10,D,D0B10,14029.29,41428501,7.62
B2,L14,S10,0,12,1881,Archaea,54151,10830,4.03,2,B10,D,D0B10,14029.29,151937239,8.18
B2,L22,S10,0,12,1881,Archaea,26051,5210,3.72,3,B10,D,D0B10,14029.29,73092614,7.86
B2,M14,S11,0,12,2259,Archaea,53047,10609,4.03,1,B11,D,D0B11,6657.1,70625124,7.85
B2,N14,S11,0,12,2259,Archaea,29517,5903,3.77,2,B11,D,D0B11,6657.1,39296833,7.59
B2,N22,S11,0,12,2259,Archaea,21564,4313,3.63,3,B11,D,D0B11,6657.1,28712052,7.46
B2,O14,S12,0,12,2407,Archaea,17306,3461,3.54,1,B12,D,D0B12,15399.29,53296955,7.73
B2,P14,S12,0,12,2407,Archaea,17071,3414,3.53,2,B12,D,D0B12,15399.29,52573188,7.72
B2,P22,S12,0,12,2407,Archaea,33794,6759,3.83,3,B12,D,D0B12,15399.29,104083825,8.02
B2,A15,S13,0,12,2408,Archaea,51645,10329,4.01,1,B13,D,D0B13,7328.64,75697552,7.88
B2,A23,S13,0,12,2408,Archaea,110632,22126,4.34,2,B13,D,D0B13,7328.64,162153551,8.21
B2,B15,S13,0,12,2408,Archaea,48020,9604,3.98,3,B13,D,D0B13,7328.64,70384286,7.85
B2,B23,S14,0,12,2411,Archaea,75539,15108,4.18,1,B14,D,D0B14,8705.78,131526955,8.12
B2,C15,S14,0,12,2411,Archaea,17755,3551,3.55,2,B14,D,D0B14,8705.78,30914232,7.49
B2,D15,S14,0,12,2411,Archaea,20289,4058,3.61,3,B14,D,D0B14,8705.78,35328063,7.55
B2,C23,S15,0,12,2417,Archaea,52357,10471,4.02,1,B15,D,D0B15,9441.02,98856973,8
B2,E15,S15,0,12,2417,Archaea,23898,4780,3.68,2,B15,D,D0B15,9441.02,45128099,7.65
B2,F15,S15,0,12,2417,Archaea,54725,10945,4.04,3,B15,D,D0B15,9441.02,103332018,8.01
B2,D23,S16,0,12,4254,Archaea,68735,13747,4.14,1,B16,D,D0B16,18750.44,257762327,8.41
B2,G15,S16,0,12,4254,Archaea,111276,22255,4.35,2,B16,D,D0B16,18750.44,417291087,8.62
B2,H15,S16,0,12,4254,Archaea,74219,14844,4.17,3,B16,D,D0B16,18750.44,278331561,8.44
B2,E23,S17,0,12,2665,Archaea,69532,13906,4.14,1,B17,D,D0B17,30038.81,417719696,8.62
B2,I15,S17,0,12,2665,Archaea,58362,11672,4.07,2,B17,D,D0B17,30038.81,350612994,8.54
B2,J15,S17,0,12,2665,Archaea,48534,9707,3.99,3,B17,D,D0B17,30038.81,291586731,8.46
B2,F23,S18,0,12,6127,Archaea,49372,9874,3.99,1,B18,D,D0B18,8190.18,80869822,7.91
B2,K15,S18,0,12,6127,Archaea,69556,13911,4.14,2,B18,D,D0B18,8190.18,113933573,8.06
B2,L15,S18,0,12,6127,Archaea,39205,7841,3.89,3,B18,D,D0B18,8190.18,64219189,7.81
B2,G23,S19,0,12,6135,Archaea,94159,18832,4.27,1,B19,D,D0B19,9752.91,183666857,8.26
B2,M15,S19,0,12,6135,Archaea,19683,3937,3.6,2,B19,D,D0B19,9752.91,38397218,7.58
B2,N15,S19,0,12,6135,Archaea,29150,5830,3.77,3,B19,D,D0B19,9752.91,56859483,7.75
A1,O17,S2,0,12,4779,Archaea,47554,9511,3.98,1,B2,D,D0B2,15848.2,150732217,8.18
A1,O18,S2,0,12,4779,Archaea,40999,8200,3.91,2,B2,D,D0B2,15848.2,129955229,8.11
A1,P17,S2,0,12,4779,Archaea,45281,9056,3.96,3,B2,D,D0B2,15848.2,143521287,8.16
A1,P18,S2,0,12,4779,Archaea,55471,11094,4.05,4,B2,D,D0B2,15848.2,175819916,8.25
B2,H23,S20,0,12,6177,Archaea,56570,11314,4.05,1,B20,D,D0B20,11375.5,128702398,8.11
B2,O15,S20,0,12,6177,Archaea,22047,4409,3.64,2,B20,D,D0B20,11375.5,50154576,7.7
B2,P15,S20,0,12,6177,Archaea,60212,12042,4.08,3,B20,D,D0B20,11375.5,136983762,8.14
A1,A19,S3,0,12,2318,Archaea,21183,4237,3.63,1,B3,D,D0B3,17702.18,75004157,7.88
A1,A20,S3,0,12,2318,Archaea,22922,4584,3.66,2,B3,D,D0B3,17702.18,81146815,7.91
A1,B19,S3,0,12,2318,Archaea,21388,4278,3.63,3,B3,D,D0B3,17702.18,75729946,7.88
A1,B20,S3,0,12,2318,Archaea,23534,4707,3.67,4,B3,D,D0B3,17702.18,83324184,7.92
A1,C19,S4,0,12,3919,Archaea,56406,11281,4.05,1,B4,D,D0B4,22671.33,255755278,8.41
A1,C20,S4,0,12,3919,Archaea,64479,12896,4.11,2,B4,D,D0B4,22671.33,292369476,8.47
A1,D19,S4,0,12,3919,Archaea,51703,10341,4.01,3,B4,D,D0B4,22671.33,234444227,8.37
A1,D20,S4,0,12,3919,Archaea,59189,11838,4.07,4,B4,D,D0B4,22671.33,268383209,8.43
A1,E19,S5,0,12,2512,Archaea,29728,5946,3.77,1,B5,D,D0B5,25542.83,151877672,8.18
A1,E20,S5,0,12,2512,Archaea,33016,6603,3.82,2,B5,D,D0B5,25542.83,168659312,8.23
A1,F19,S5,0,12,2512,Archaea,27917,5583,3.75,3,B5,D,D0B5,25542.83,142605625,8.15
A1,F20,S5,0,12,2512,Archaea,36967,7393,3.87,4,B5,D,D0B5,25542.83,188838149,8.28
B2,C14,S6,0,12,116,Archaea,86927,17385,4.24,1,B6,D,D0B6,18476.44,321212941,8.51
B2,D14,S6,0,12,116,Archaea,49979,9996,4,2,B6,D,D0B6,18476.44,184690513,8.27
B2,D22,S6,0,12,116,Archaea,81795,16359,4.21,3,B6,D,D0B6,18476.44,302256112,8.48
B2,E14,S7,0,12,124,Archaea,33629,6726,3.83,1,B7,D,D0B7,5829.6,39209915,7.59
B2,F14,S7,0,12,124,Archaea,53901,10780,4.03,2,B7,D,D0B7,5829.6,62843128,7.8
B2,F22,S7,0,12,124,Archaea,44819,8964,3.95,3,B7,D,D0B7,5829.6,52256568,7.72
B2,G14,S8,0,12,353,Archaea,44166,8833,3.95,1,B8,D,D0B8,11530.89,101852388,8.01
B2,H14,S8,0,12,353,Archaea,105584,21117,4.32,2,B8,D,D0B8,11530.89,243497891,8.39
B2,H22,S8,0,12,353,Archaea,45599,9120,3.96,3,B8,D,D0B8,11530.89,105161754,8.02
B2,I14,S9,0,12,6023,Archaea,44028,8806,3.94,1,B9,D,D0B9,8279.13,72906040,7.86
B2,J14,S9,0,12,6023,Archaea,13172,2634,3.42,2,B9,D,D0B9,8279.13,21807235,7.34
B2,J22,S9,0,12,6023,Archaea,114819,22964,4.36,3,B9,D,D0B9,8279.13,190121997,8.28
A1,G09,S1,14,12,3865,Archaea,87732,17546,4.24,1,B1,D,D14B1,30731.61,539216861,8.73
A1,G10,S1,14,12,3865,Archaea,87889,17578,4.24,2,B1,D,D14B1,30731.61,540200272,8.73
A1,H09,S1,14,12,3865,Archaea,90198,18040,4.26,3,B1,D,D14B1,30731.61,554398277,8.74
A1,H10,S1,14,12,3865,Archaea,86105,17221,4.24,4,B1,D,D14B1,30731.61,529229087,8.72
B2,C07,S10,14,12,1881,Archaea,15084,3017,3.48,1,B10,D,D14B10,15420.65,46524111,7.67
B2,C19,S10,14,12,1881,Archaea,65151,13030,4.11,2,B10,D,D14B10,15420.65,200931114,8.3
B2,D07,S10,14,12,1881,Archaea,22003,4401,3.64,3,B10,D,D14B10,15420.65,67866296,7.83
B2,E07,S11,14,12,2259,Archaea,31175,6235,3.79,1,B11,D,D14B11,4782.38,29818142,7.47
B2,E19,S11,14,12,2259,Archaea,58389,11678,4.07,2,B11,D,D14B11,4782.38,55848638,7.75
B2,F07,S11,14,12,2259,Archaea,17305,3461,3.54,3,B11,D,D14B11,4782.38,16551818,7.22
B2,G07,S12,14,12,2407,Archaea,25041,5008,3.7,1,B12,D,D14B12,5474.3,27415313,7.44
B2,G19,S12,14,12,2407,Archaea,12787,2557,3.41,2,B12,D,D14B12,5474.3,13997795,7.15
B2,H07,S12,14,12,2407,Archaea,6888,1378,3.14,3,B12,D,D14B12,5474.3,7543590,6.88
B2,I07,S13,14,12,2408,Archaea,11999,2400,3.38,1,B13,D,D14B13,11850.1,28440242,7.45
B2,I19,S13,14,12,2408,Archaea,16796,3359,3.53,2,B13,D,D14B13,11850.1,39804488,7.6
B2,J07,S13,14,12,2408,Archaea,9476,1895,3.28,3,B13,D,D14B13,11850.1,22455941,7.35
B2,K07,S14,14,12,2411,Archaea,5844,1169,3.07,1,B14,D,D14B14,7983.31,9332488,6.97
B2,K19,S14,14,12,2411,Archaea,25740,5148,3.71,2,B14,D,D14B14,7983.31,41098073,7.61
B2,L07,S14,14,12,2411,Archaea,5695,1139,3.06,3,B14,D,D14B14,7983.31,9092989,6.96
B2,M07,S15,14,12,2417,Archaea,59728,11946,4.08,1,B15,D,D14B15,8134.99,97180544,7.99
B2,M19,S15,14,12,2417,Archaea,18367,3673,3.57,2,B15,D,D14B15,8134.99,29879804,7.48
B2,N07,S15,14,12,2417,Archaea,56918,11384,4.06,3,B15,D,D14B15,8134.99,92608681,7.97
B2,O07,S16,14,12,4254,Archaea,38149,7630,3.88,1,B16,D,D14B16,21085.13,160879526,8.21
B2,O19,S16,14,12,4254,Archaea,32410,6482,3.81,2,B16,D,D14B16,21085.13,136673799,8.14
B2,P07,S16,14,12,4254,Archaea,28296,5659,3.75,3,B16,D,D14B16,21085.13,119320739,8.08
B2,A08,S17,14,12,2665,Archaea,55518,11104,4.05,1,B17,D,D14B17,36893.5,409665375,8.61
B2,B08,S17,14,12,2665,Archaea,76181,15236,4.18,2,B17,D,D14B17,36893.5,562109299,8.75
B2,B19,S17,14,12,2665,Archaea,101553,20311,4.31,3,B17,D,D14B17,36893.5,749343789,8.87
B2,C08,S18,14,12,6127,Archaea,14272,2854,3.46,1,B18,D,D14B18,12004.84,34261804,7.53
B2,D08,S18,14,12,6127,Archaea,18253,3651,3.56,2,B18,D,D14B18,12004.84,43829659,7.64
B2,D19,S18,14,12,6127,Archaea,38889,7778,3.89,3,B18,D,D14B18,12004.84,93373620,7.97
B2,E08,S19,14,12,6135,Archaea,17314,3463,3.54,1,B19,D,D14B19,14507.81,50240529,7.7
B2,F08,S19,14,12,6135,Archaea,32269,6454,3.81,2,B19,D,D14B19,14507.81,93633375,7.97
B2,F19,S19,14,12,6135,Archaea,39545,7909,3.9,3,B19,D,D14B19,14507.81,114742231,8.06
A1,I09,S2,14,12,4779,Archaea,54318,10864,4.04,1,B2,D,D14B2,21339.02,231827108,8.37
A1,I10,S2,14,12,4779,Archaea,52392,10478,4.02,2,B2,D,D14B2,21339.02,223590247,8.35
A1,J09,S2,14,12,4779,Archaea,58796,11759,4.07,3,B2,D,D14B2,21339.02,250925531,8.4
A1,J10,S2,14,12,4779,Archaea,54882,10976,4.04,4,B2,D,D14B2,21339.02,234217079,8.37
B2,G08,S20,14,12,6177,Archaea,15900,3180,3.5,1,B20,D,D14B20,18258.75,58062841,7.76
B2,H08,S20,14,12,6177,Archaea,15838,3168,3.5,2,B20,D,D14B20,18258.75,57843736,7.76
B2,H19,S20,14,12,6177,Archaea,15385,3077,3.49,3,B20,D,D14B20,18258.75,56182189,7.75
A1,K09,S3,14,12,2318,Archaea,17712,3542,3.55,1,B3,D,D14B3,16044.32,56828978,7.75
A1,K10,S3,14,12,2318,Archaea,18366,3673,3.57,2,B3,D,D14B3,16044.32,58930784,7.77
A1,L09,S3,14,12,2318,Archaea,17155,3431,3.54,3,B3,D,D14B3,16044.32,55048059,7.74
A1,L10,S3,14,12,2318,Archaea,19336,3867,3.59,4,B3,D,D14B3,16044.32,62043382,7.79
A1,M09,S4,14,12,3919,Archaea,52518,10504,4.02,1,B4,D,D14B4,37585.56,394798740,8.6
A1,M10,S4,14,12,3919,Archaea,52399,10480,4.02,2,B4,D,D14B4,37585.56,393896686,8.6
A1,N09,S4,14,12,3919,Archaea,56281,11256,4.05,3,B4,D,D14B4,37585.56,423063082,8.63
A1,N10,S4,14,12,3919,Archaea,56968,11394,4.06,4,B4,D,D14B4,37585.56,428249890,8.63
A1,O09,S5,14,12,2512,Archaea,31532,6306,3.8,1,B5,D,D14B5,33852.66,213474846,8.33
A1,O10,S5,14,12,2512,Archaea,27523,5505,3.74,2,B5,D,D14B5,33852.66,186358869,8.27
A1,P09,S5,14,12,2512,Archaea,15,3,0.46,3,B5,D,D14B5,33852.66,101558,5.01
A1,P10,S5,14,12,2512,Archaea,39120,7824,3.89,4,B5,D,D14B5,33852.66,264863178,8.42
B2,K06,S6,14,12,116,Archaea,31276,6255,3.8,1,B6,D,D14B6,24327.64,152169365,8.18
B2,L06,S6,14,12,116,Archaea,61436,12287,4.09,2,B6,D,D14B6,24327.64,298913667,8.48
B2,L18,S6,14,12,116,Archaea,103306,20661,4.32,3,B6,D,D14B6,24327.64,502633293,8.7
B2,M06,S7,14,12,124,Archaea,21099,4220,3.63,1,B7,D,D14B7,9373.39,39555714,7.6
B2,N06,S7,14,12,124,Archaea,5857,1171,3.07,2,B7,D,D14B7,9373.39,10976242,7.04
B2,N18,S7,14,12,124,Archaea,20456,4091,3.61,3,B7,D,D14B7,9373.39,38346547,7.58
B2,O06,S8,14,12,353,Archaea,177942,35588,4.55,1,B8,D,D14B8,8460.9,301106566,8.48
B2,P06,S8,14,12,353,Archaea,88886,17777,4.25,2,B8,D,D14B8,8460.9,150409448,8.18
B2,P18,S8,14,12,353,Archaea,61846,12369,4.09,3,B8,D,D14B8,8460.9,104652892,8.02
B2,A07,S9,14,12,6023,Archaea,16920,3384,3.53,1,B9,D,D14B9,10650.78,36042246,7.56
B2,A19,S9,14,12,6023,Archaea,30837,6167,3.79,2,B9,D,D14B9,10650.78,65683372,7.82
B2,B07,S9,14,12,6023,Archaea,15000,3000,3.48,3,B9,D,D14B9,10650.78,31952345,7.5
A1,K01,S1,1,12,3865,Archaea,84351,16870,4.23,1,B1,D,D1B1,30005.94,506200277,8.7
A1,K02,S1,1,12,3865,Archaea,72354,14471,4.16,2,B1,D,D1B1,30005.94,434216017,8.64
A1,L01,S1,1,12,3865,Archaea,73633,14727,4.17,3,B1,D,D1B1,30005.94,441897539,8.65
A1,L02,S1,1,12,3865,Archaea,61067,12213,4.09,4,B1,D,D1B1,30005.94,366462595,8.56
B2,I01,S10,1,12,1881,Archaea,10765,2153,3.33,1,B10,D,D1B10,15909.9,34254024,7.53
B2,I16,S10,1,12,1881,Archaea,11985,2397,3.38,2,B10,D,D1B10,15909.9,38136041,7.58
B2,J01,S10,1,12,1881,Archaea,11807,2361,3.37,3,B10,D,D1B10,15909.9,37563285,7.57
B2,K01,S11,1,12,2259,Archaea,16373,3275,3.52,1,B11,D,D1B11,13341.03,43691863,7.64
B2,K16,S11,1,12,2259,Archaea,60428,12086,4.08,2,B11,D,D1B11,13341.03,161239652,8.21
B2,L01,S11,1,12,2259,Archaea,22806,4561,3.66,3,B11,D,D1B11,13341.03,60848424,7.78
B2,M01,S12,1,12,2407,Archaea,5404,1081,3.03,1,B12,D,D1B12,13591.73,14692661,7.17
B2,M16,S12,1,12,2407,Archaea,23117,4623,3.66,2,B12,D,D1B12,13591.73,62834571,7.8
B2,N01,S12,1,12,2407,Archaea,4619,924,2.97,3,B12,D,D1B12,13591.73,12558759,7.1
B2,O01,S13,1,12,2408,Archaea,3475429,695086,5.84,1,B13,D,D1B13,11508.55,7999433183,9.9
B2,O16,S13,1,12,2408,Archaea,17878,3576,3.55,2,B13,D,D1B13,11508.55,41154581,7.61
B2,P01,S13,1,12,2408,Archaea,6936,1387,3.14,3,B13,D,D1B13,11508.55,15962361,7.2
B2,A02,S14,1,12,2411,Archaea,17168,3434,3.54,1,B14,D,D1B14,9438.13,32410543,7.51
B2,B02,S14,1,12,2411,Archaea,18049,3610,3.56,2,B14,D,D1B14,9438.13,34071654,7.53
B2,B16,S14,1,12,2411,Archaea,30466,6093,3.78,3,B14,D,D1B14,9438.13,57506534,7.76
B2,C02,S15,1,12,2417,Archaea,21829,4366,3.64,1,B15,D,D1B15,8534.47,37261495,7.57
B2,D02,S15,1,12,2417,Archaea,23159,4632,3.67,2,B15,D,D1B15,8534.47,39531664,7.6
B2,D16,S15,1,12,2417,Archaea,23805,4761,3.68,3,B15,D,D1B15,8534.47,40632610,7.61
B2,E02,S16,1,12,4254,Archaea,22547,4509,3.65,1,B16,D,D1B16,22876.81,103151554,8.01
B2,F02,S16,1,12,4254,Archaea,33716,6743,3.83,2,B16,D,D1B16,22876.81,154258357,8.19
B2,F16,S16,1,12,4254,Archaea,22797,4559,3.66,3,B16,D,D1B16,22876.81,104295395,8.02
B2,G02,S17,1,12,2665,Archaea,28691,5738,3.76,1,B17,D,D1B17,30064.02,172507339,8.24
B2,H02,S17,1,12,2665,Archaea,44597,8919,3.95,2,B17,D,D1B17,30064.02,268140982,8.43
B2,H16,S17,1,12,2665,Archaea,49164,9833,3.99,3,B17,D,D1B17,30064.02,295619495,8.47
B2,I02,S18,1,12,6127,Archaea,17608,3522,3.55,1,B18,D,D1B18,9647.42,33978198,7.53
B2,J02,S18,1,12,6127,Archaea,25398,5080,3.71,2,B18,D,D1B18,9647.42,49008872,7.69
B2,J16,S18,1,12,6127,Archaea,57487,11497,4.06,3,B18,D,D1B18,9647.42,110916339,8.04
B2,K02,S19,1,12,6135,Archaea,13330,2666,3.43,1,B19,D,D1B19,10537.05,28091763,7.45
B2,L02,S19,1,12,6135,Archaea,27670,5534,3.74,2,B19,D,D1B19,10537.05,58312009,7.77
B2,L16,S19,1,12,6135,Archaea,16732,3346,3.52,3,B19,D,D1B19,10537.05,35256954,7.55
A1,M01,S2,1,12,4779,Archaea,47166,9433,3.97,1,B2,D,D1B2,21537.68,203164982,8.31
A1,M02,S2,1,12,4779,Archaea,41235,8247,3.92,2,B2,D,D1B2,21537.68,177621287,8.25
A1,N01,S2,1,12,4779,Archaea,3506,701,2.85,3,B2,D,D1B2,21537.68,15097917,7.18
A1,N02,S2,1,12,4779,Archaea,43222,8644,3.94,4,B2,D,D1B2,21537.68,186171748,8.27
B2,M02,S20,1,12,6177,Archaea,18338,3668,3.56,1,B20,D,D1B20,13299.07,48780980,7.69
B2,N02,S20,1,12,6177,Archaea,3807,761,2.88,2,B20,D,D1B20,13299.07,10120590,7.01
B2,N16,S20,1,12,6177,Archaea,20402,4080,3.61,3,B20,D,D1B20,13299.07,54260196,7.73
A1,O01,S3,1,12,2318,Archaea,2445,489,2.69,1,B3,D,D1B3,17841.14,8724317,6.94
A1,O02,S3,1,12,2318,Archaea,17778,3556,3.55,2,B3,D,D1B3,17841.14,63443088,7.8
A1,P01,S3,1,12,2318,Archaea,21010,4202,3.62,3,B3,D,D1B3,17841.14,74968463,7.87
A1,P02,S3,1,12,2318,Archaea,7223,1445,3.16,4,B3,D,D1B3,17841.14,25780445,7.41
A1,A03,S4,1,12,3919,Archaea,60367,12073,4.08,1,B4,D,D1B4,38492.67,464721990,8.67
A1,A04,S4,1,12,3919,Archaea,50210,10042,4,2,B4,D,D1B4,38492.67,386543380,8.59
A1,B03,S4,1,12,3919,Archaea,65520,13104,4.12,3,B4,D,D1B4,38492.67,504407932,8.7
A1,B04,S4,1,12,3919,Archaea,60692,12138,4.08,4,B4,D,D1B4,38492.67,467224014,8.67
A1,C03,S5,1,12,2512,Archaea,32770,6554,3.82,1,B5,D,D1B5,33885.71,222086921,8.35
A1,C04,S5,1,12,2512,Archaea,30764,6153,3.79,2,B5,D,D1B5,33885.71,208498753,8.32
A1,D03,S5,1,12,2512,Archaea,31443,6289,3.8,3,B5,D,D1B5,33885.71,213107209,8.33
A1,D04,S5,1,12,2512,Archaea,31331,6266,3.8,4,B5,D,D1B5,33885.71,212327838,8.33
B2,A01,S6,1,12,116,Archaea,3216,643,2.81,1,B6,D,D1B6,23506.87,15114916,7.18
B2,A16,S6,1,12,116,Archaea,67600,13520,4.13,2,B6,D,D1B6,23506.87,317812861,8.5
B2,B01,S6,1,12,116,Archaea,36530,7306,3.86,3,B6,D,D1B6,23506.87,171741181,8.23
B2,C01,S7,1,12,124,Archaea,17090,3418,3.53,1,B7,D,D1B7,6436.71,22000690,7.34
B2,C16,S7,1,12,124,Archaea,33249,6650,3.82,2,B7,D,D1B7,6436.71,42804151,7.63
B2,D01,S7,1,12,124,Archaea,17566,3513,3.55,3,B7,D,D1B7,6436.71,22612178,7.35
B2,E01,S8,1,12,353,Archaea,82914,16583,4.22,1,B8,D,D1B8,10355.79,171729983,8.23
B2,E16,S8,1,12,353,Archaea,48499,9700,3.99,2,B8,D,D1B8,10355.79,100451115,8
B2,F01,S8,1,12,353,Archaea,45698,9140,3.96,3,B8,D,D1B8,10355.79,94651875,7.98
B2,G01,S9,1,12,6023,Archaea,10415,2083,3.32,1,B9,D,D1B9,7642.12,15918545,7.2
B2,G16,S9,1,12,6023,Archaea,18551,3710,3.57,2,B9,D,D1B9,7642.12,28352281,7.45
B2,H01,S9,1,12,6023,Archaea,19225,3845,3.58,3,B9,D,D1B9,7642.12,29383968,7.47
A1,K11,S1,21,12,3865,Archaea,82707,16541,4.22,1,B1,D,D21B1,27022.57,446980305,8.65
A1,K12,S1,21,12,3865,Archaea,78645,15729,4.2,2,B1,D,D21B1,27022.57,425037979,8.63
A1,L11,S1,21,12,3865,Archaea,87517,17503,4.24,3,B1,D,D21B1,27022.57,472976015,8.67
A1,L12,S1,21,12,3865,Archaea,80143,16029,4.2,4,B1,D,D21B1,27022.57,433144749,8.64
B2,A09,S10,21,12,1881,Archaea,18817,3763,3.58,1,B10,D,D21B10,18478.21,69533515,7.84
B2,A20,S10,21,12,1881,Archaea,62658,12532,4.1,2,B10,D,D21B10,18478.21,231568965,8.36
B2,B09,S10,21,12,1881,Archaea,13806,2761,3.44,3,B10,D,D21B10,18478.21,51018346,7.71
B2,C09,S11,21,12,2259,Archaea,18039,3608,3.56,1,B11,D,D21B11,23347.08,84236272,7.93
B2,C20,S11,21,12,2259,Archaea,26419,5284,3.72,2,B11,D,D21B11,23347.08,123365981,8.09
B2,D09,S11,21,12,2259,Archaea,15923,3185,3.5,3,B11,D,D21B11,23347.08,74360456,7.87
B2,E09,S12,21,12,2407,Archaea,5059,1012,3.01,1,B12,D,D21B12,28082.63,28419624,7.45
B2,E20,S12,21,12,2407,Archaea,14315,2863,3.46,2,B12,D,D21B12,28082.63,80400577,7.91
B2,F09,S12,21,12,2407,Archaea,9077,1815,3.26,3,B12,D,D21B12,28082.63,50969978,7.71
B2,G09,S13,21,12,2408,Archaea,16639,3328,3.52,1,B13,D,D21B13,10943.28,36419244,7.56
B2,G20,S13,21,12,2408,Archaea,72065,14413,4.16,2,B13,D,D21B13,10943.28,157725530,8.2
B2,H09,S13,21,12,2408,Archaea,12451,2490,3.4,3,B13,D,D21B13,10943.28,27248773,7.44
B2,I09,S14,21,12,2411,Archaea,9044,1809,3.26,1,B14,D,D21B14,8804.89,15928047,7.2
B2,I20,S14,21,12,2411,Archaea,15578,3116,3.49,2,B14,D,D21B14,8804.89,27436038,7.44
B2,J09,S14,21,12,2411,Archaea,5271,1054,3.02,3,B14,D,D21B14,8804.89,9280354,6.97
B2,K09,S15,21,12,2417,Archaea,20674,4135,3.62,1,B15,D,D21B15,8874.04,36694156,7.56
B2,K20,S15,21,12,2417,Archaea,19065,3813,3.58,2,B15,D,D21B15,8874.04,33836715,7.53
B2,L09,S15,21,12,2417,Archaea,13900,2780,3.44,3,B15,D,D21B15,8874.04,24669832,7.39
B2,M09,S16,21,12,4254,Archaea,34082,6816,3.83,1,B16,D,D21B16,19940.69,135915752,8.13
B2,M20,S16,21,12,4254,Archaea,124910,24982,4.4,2,B16,D,D21B16,19940.69,498158349,8.7
B2,N09,S16,21,12,4254,Archaea,71922,14384,4.16,3,B16,D,D21B16,19940.69,286826903,8.46
B2,O09,S17,21,12,2665,Archaea,52044,10409,4.02,1,B17,D,D21B17,22948.06,238866332,8.38
B2,O20,S17,21,12,2665,Archaea,41363,8273,3.92,2,B17,D,D21B17,22948.06,189849281,8.28
B2,P09,S17,21,12,2665,Archaea,36761,7352,3.87,3,B17,D,D21B17,22948.06,168714120,8.23
B2,A10,S18,21,12,6127,Archaea,18161,3632,3.56,1,B18,D,D21B18,12980.5,47145169,7.67
B2,B10,S18,21,12,6127,Archaea,18624,3725,3.57,2,B18,D,D21B18,12980.5,48352355,7.68
B2,B20,S18,21,12,6127,Archaea,22335,4467,3.65,3,B18,D,D21B18,12980.5,57983885,7.76
B2,C10,S19,21,12,6135,Archaea,13391,2678,3.43,1,B19,D,D21B19,13806.13,36972823,7.57
B2,D10,S19,21,12,6135,Archaea,16050,3210,3.51,2,B19,D,D21B19,13806.13,44317686,7.65
B2,D20,S19,21,12,6135,Archaea,12190,2438,3.39,3,B19,D,D21B19,13806.13,33659351,7.53
A1,M11,S2,21,12,4779,Archaea,50623,10125,4.01,1,B2,D,D21B2,20104.9,203562156,8.31
A1,M12,S2,21,12,4779,Archaea,54320,10864,4.04,2,B2,D,D21B2,20104.9,218419680,8.34
A1,N11,S2,21,12,4779,Archaea,59154,11831,4.07,3,B2,D,D21B2,20104.9,237861123,8.38
A1,N12,S2,21,12,4779,Archaea,53034,10607,4.03,4,B2,D,D21B2,20104.9,213252720,8.33
B2,E10,S20,21,12,6177,Archaea,32482,6496,3.81,1,B20,D,D21B20,18629.85,121019492,8.08
B2,F10,S20,21,12,6177,Archaea,33045,6609,3.82,2,B20,D,D21B20,18629.85,123124664,8.09
B2,F20,S20,21,12,6177,Archaea,12490,2498,3.4,3,B20,D,D21B20,18629.85,46537360,7.67
A1,O11,S3,21,12,2318,Archaea,16879,3376,3.53,1,B3,D,D21B3,19872.44,67089360,7.83
A1,O12,S3,21,12,2318,Archaea,21218,4244,3.63,2,B3,D,D21B3,19872.44,84338638,7.93
A1,P11,S3,21,12,2318,Archaea,22733,4547,3.66,3,B3,D,D21B3,19872.44,90359988,7.96
A1,P12,S3,21,12,2318,Archaea,22279,4456,3.65,4,B3,D,D21B3,19872.44,88551596,7.95
A1,A13,S4,21,12,3919,Archaea,62888,12578,4.1,1,B4,D,D21B4,33835.51,425582989,8.63
A1,A14,S4,21,12,3919,Archaea,67817,13563,4.13,2,B4,D,D21B4,33835.51,458910962,8.66
A1,B13,S4,21,12,3919,Archaea,62841,12568,4.1,3,B4,D,D21B4,33835.51,425244634,8.63
A1,B14,S4,21,12,3919,Archaea,56841,11368,4.06,4,B4,D,D21B4,33835.51,384642027,8.59
A1,C13,S5,21,12,2512,Archaea,31749,6350,3.8,1,B5,D,D21B5,30601.92,194322193,8.29
A1,C14,S5,21,12,2512,Archaea,30419,6084,3.78,2,B5,D,D21B5,30601.92,186182082,8.27
A1,D13,S5,21,12,2512,Archaea,28122,5624,3.75,3,B5,D,D21B5,30601.92,172105199,8.24
A1,D14,S5,21,12,2512,Archaea,29828,5966,3.78,4,B5,D,D21B5,30601.92,182571055,8.26
B2,I08,S6,21,12,116,Archaea,32504,6501,3.81,1,B6,D,D21B6,20575.79,133763216,8.13
B2,J08,S6,21,12,116,Archaea,46043,9209,3.96,2,B6,D,D21B6,20575.79,189482458,8.28
B2,J19,S6,21,12,116,Archaea,163231,32646,4.51,3,B6,D,D21B6,20575.79,671717267,8.83
B2,K08,S7,21,12,124,Archaea,37420,7484,3.87,1,B7,D,D21B7,8344.99,62453899,7.8
B2,L08,S7,21,12,124,Archaea,35183,7037,3.85,2,B7,D,D21B7,8344.99,58723689,7.77
B2,L19,S7,21,12,124,Archaea,13505,2701,3.43,3,B7,D,D21B7,8344.99,22539816,7.35
B2,M08,S8,21,12,353,Archaea,45206,9041,3.96,1,B8,D,D21B8,7572.13,68459652,7.84
B2,N08,S8,21,12,353,Archaea,84168,16834,4.23,2,B8,D,D21B8,7572.13,127469283,8.11
B2,N19,S8,21,12,353,Archaea,191426,38285,4.58,3,B8,D,D21B8,7572.13,289899104,8.46
B2,O08,S9,21,12,6023,Archaea,10458,2092,3.32,1,B9,D,D21B9,9543.42,19964835,7.3
B2,P08,S9,21,12,6023,Archaea,12462,2492,3.4,2,B9,D,D21B9,9543.42,23782203,7.38
B2,P19,S9,21,12,6023,Archaea,9252,1850,3.27,3,B9,D,D21B9,9543.42,17655327,7.25
A1,O13,S1,28,12,3865,Archaea,93937,18787,4.27,1,B1,D,D28B1,25387.57,476956258,8.68
A1,O14,S1,28,12,3865,Archaea,90134,18027,4.26,2,B1,D,D28B1,25387.57,457661706,8.66
A1,P13,S1,28,12,3865,Archaea,182232,36446,4.56,3,B1,D,D28B1,25387.57,925275338,8.97
A1,P14,S1,28,12,3865,Archaea,101261,20252,4.31,4,B1,D,D28B1,25387.57,514149046,8.71
B2,O10,S10,28,12,1881,Archaea,12488,2498,3.4,1,B10,D,D28B10,16530.02,41291998,7.62
B2,P10,S10,28,12,1881,Archaea,10001,2000,3.3,2,B10,D,D28B10,16530.02,33060046,7.52
B2,P20,S10,28,12,1881,Archaea,9205,1841,3.27,3,B10,D,D28B10,16530.02,30431772,7.48
B2,A11,S11,28,12,2259,Archaea,31991,6398,3.81,1,B11,D,D28B11,13598.16,87001032,7.94
B2,A21,S11,28,12,2259,Archaea,70604,14121,4.15,2,B11,D,D28B11,13598.16,192019627,8.28
B2,B11,S11,28,12,2259,Archaea,29596,5919,3.77,3,B11,D,D28B11,13598.16,80487513,7.91
B2,C11,S12,28,12,2407,Archaea,7578,1516,3.18,1,B12,D,D28B12,19085.92,28934247,7.46
B2,C21,S12,28,12,2407,Archaea,11850,2370,3.37,2,B12,D,D28B12,19085.92,45233619,7.66
B2,D11,S12,28,12,2407,Archaea,4641,928,2.97,3,B12,D,D28B12,19085.92,17711729,7.25
B2,E11,S13,28,12,2408,Archaea,9862,1972,3.3,1,B13,D,D28B13,11391.87,22464771,7.35
B2,E21,S13,28,12,2408,Archaea,16660,3332,3.52,2,B13,D,D28B13,11391.87,37957717,7.58
B2,F11,S13,28,12,2408,Archaea,14247,2849,3.45,3,B13,D,D28B13,11391.87,32455443,7.51
B2,G11,S14,28,12,2411,Archaea,6310,1262,3.1,1,B14,D,D28B14,8660.5,10929547,7.04
B2,G21,S14,28,12,2411,Archaea,22574,4515,3.65,2,B14,D,D28B14,8660.5,39102144,7.59
B2,H11,S14,28,12,2411,Archaea,6029,1206,3.08,3,B14,D,D28B14,8660.5,10444559,7.02
B2,I11,S15,28,12,2417,Archaea,27828,5566,3.75,1,B15,D,D28B15,7792.29,43371861,7.64
B2,I21,S15,28,12,2417,Archaea,53478,10696,4.03,2,B15,D,D28B15,7792.29,83346285,7.92
B2,J11,S15,28,12,2417,Archaea,28919,5784,3.76,3,B15,D,D28B15,7792.29,45070579,7.65
B2,K11,S16,28,12,4254,Archaea,21291,4258,3.63,1,B16,D,D28B16,23169.32,98654965,7.99
B2,K21,S16,28,12,4254,Archaea,33671,6734,3.83,2,B16,D,D28B16,23169.32,156022202,8.19
B2,L11,S16,28,12,4254,Archaea,30762,6152,3.79,3,B16,D,D28B16,23169.32,142537658,8.15
B2,M11,S17,28,12,2665,Archaea,31296,6259,3.8,1,B17,D,D28B17,25828.46,161660352,8.21
B2,M21,S17,28,12,2665,Archaea,52168,10434,4.02,2,B17,D,D28B17,25828.46,269494187,8.43
B2,N11,S17,28,12,2665,Archaea,42220,8444,3.93,3,B17,D,D28B17,25828.46,218095545,8.34
B2,O11,S18,28,12,6127,Archaea,14317,2863,3.46,1,B18,D,D28B18,11026.4,31568579,7.5
B2,O21,S18,28,12,6127,Archaea,14100,2820,3.45,2,B18,D,D28B18,11026.4,31094444,7.49
B2,P11,S18,28,12,6127,Archaea,20340,4068,3.61,3,B18,D,D28B18,11026.4,44855389,7.65
B2,A12,S19,28,12,6135,Archaea,24589,4918,3.69,1,B19,D,D28B19,14110.77,69396781,7.84
B2,B12,S19,28,12,6135,Archaea,18180,3636,3.56,2,B19,D,D28B19,14110.77,51306770,7.71
B2,B21,S19,28,12,6135,Archaea,21271,4254,3.63,3,B19,D,D28B19,14110.77,60027227,7.78
A1,A15,S2,28,12,4779,Archaea,53797,10759,4.03,1,B2,D,D28B2,17554.73,188871299,8.28
A1,A16,S2,28,12,4779,Archaea,55769,11154,4.05,2,B2,D,D28B2,17554.73,195805416,8.29
A1,B15,S2,28,12,4779,Archaea,54986,10997,4.04,3,B2,D,D28B2,17554.73,193049324,8.29
A1,B16,S2,28,12,4779,Archaea,61191,12238,4.09,4,B2,D,D28B2,17554.73,214834740,8.33
B2,C12,S20,28,12,6177,Archaea,16754,3351,3.53,1,B20,D,D28B20,22524.88,75480868,7.88
B2,D12,S20,28,12,6177,Archaea,9857,1971,3.29,2,B20,D,D28B20,22524.88,44396536,7.65
B2,D21,S20,28,12,6177,Archaea,13881,2776,3.44,3,B20,D,D28B20,22524.88,62529063,7.8
A1,C15,S3,28,12,2318,Archaea,18969,3794,3.58,1,B3,D,D28B3,17766.74,67407018,7.83
A1,C16,S3,28,12,2318,Archaea,18905,3781,3.58,2,B3,D,D28B3,17766.74,67176051,7.83
A1,D15,S3,28,12,2318,Archaea,18592,3718,3.57,3,B3,D,D28B3,17766.74,66056746,7.82
A1,D16,S3,28,12,2318,Archaea,16224,3245,3.51,4,B3,D,D28B3,17766.74,57653077,7.76
A1,E15,S4,28,12,3919,Archaea,63302,12660,4.1,1,B4,D,D28B4,31738.95,401815121,8.6
A1,E16,S4,28,12,3919,Archaea,59423,11885,4.07,2,B4,D,D28B4,31738.95,377217434,8.58
A1,F15,S4,28,12,3919,Archaea,60509,12102,4.08,3,B4,D,D28B4,31738.95,384104787,8.58
A1,F16,S4,28,12,3919,Archaea,59064,11813,4.07,4,B4,D,D28B4,31738.95,374932230,8.57
A1,G15,S5,28,12,2512,Archaea,32405,6481,3.81,1,B5,D,D28B5,32135.51,208270215,8.32
A1,G16,S5,28,12,2512,Archaea,29945,5989,3.78,2,B5,D,D28B5,32135.51,192459546,8.28
A1,H15,S5,28,12,2512,Archaea,30625,6125,3.79,3,B5,D,D28B5,32135.51,196829975,8.29
A1,H16,S5,28,12,2512,Archaea,31190,6238,3.8,4,B5,D,D28B5,32135.51,200461287,8.3
B2,G10,S6,28,12,116,Archaea,89896,17979,4.25,1,B6,D,D28B6,19870.01,357242835,8.55
B2,H10,S6,28,12,116,Archaea,35565,7113,3.85,2,B6,D,D28B6,19870.01,141335352,8.15
B2,H20,S6,28,12,116,Archaea,101526,20305,4.31,3,B6,D,D28B6,19870.01,403460469,8.61
B2,I10,S7,28,12,124,Archaea,20419,4084,3.61,1,B7,D,D28B7,8580.41,35042391,7.54
B2,J10,S7,28,12,124,Archaea,16402,3280,3.52,2,B7,D,D28B7,8580.41,28143742,7.45
B2,J20,S7,28,12,124,Archaea,22627,4525,3.66,3,B7,D,D28B7,8580.41,38826351,7.59
B2,K10,S8,28,12,353,Archaea,48470,9694,3.99,1,B8,D,D28B8,8638.64,83742949,7.92
B2,L10,S8,28,12,353,Archaea,68694,13739,4.14,2,B8,D,D28B8,8638.64,118686236,8.07
B2,L20,S8,28,12,353,Archaea,80825,16165,4.21,3,B8,D,D28B8,8638.64,139643570,8.15
B2,M10,S9,28,12,6023,Archaea,7338,1468,3.17,1,B9,D,D28B9,9675.32,14203371,7.15
B2,N10,S9,28,12,6023,Archaea,10071,2014,3.3,2,B9,D,D28B9,9675.32,19486096,7.29
B2,N20,S9,28,12,6023,Archaea,9559,1912,3.28,3,B9,D,D28B9,9675.32,18499214,7.27
A1,O03,S1,3,12,3865,Archaea,72637,14527,4.16,1,B1,D,D3B1,29997.75,435777323,8.64
A1,O04,S1,3,12,3865,Archaea,74827,14965,4.18,2,B1,D,D3B1,29997.75,448916338,8.65
A1,P03,S1,3,12,3865,Archaea,36335,7267,3.86,3,B1,D,D3B1,29997.75,217993654,8.34
A1,P04,S1,3,12,3865,Archaea,91998,18400,4.26,4,B1,D,D3B1,29997.75,551958611,8.74
B2,G03,S10,3,12,1881,Archaea,17660,3532,3.55,1,B10,D,D3B10,13643.35,48188326,7.68
B2,G17,S10,3,12,1881,Archaea,25518,5104,3.71,2,B10,D,D3B10,13643.35,69635678,7.84
B2,H03,S10,3,12,1881,Archaea,27431,5486,3.74,3,B10,D,D3B10,13643.35,74847440,7.87
B2,I03,S11,3,12,2259,Archaea,12938,2588,3.41,1,B11,D,D3B11,12050.19,31185900,7.49
B2,I17,S11,3,12,2259,Archaea,7267,1453,3.16,2,B11,D,D3B11,12050.19,17508930,7.24
B2,J03,S11,3,12,2259,Archaea,10939,2188,3.34,3,B11,D,D3B11,12050.19,26365822,7.42
B2,K03,S12,3,12,2407,Archaea,10655,2131,3.33,1,B12,D,D3B12,15485.38,32999336,7.52
B2,K17,S12,3,12,2407,Archaea,17661,3532,3.55,2,B12,D,D3B12,15485.38,54694348,7.74
B2,L03,S12,3,12,2407,Archaea,12609,2522,3.4,3,B12,D,D3B12,15485.38,39054118,7.59
B2,M03,S13,3,12,2408,Archaea,35589,7118,3.85,1,B13,D,D3B13,10459.96,74454008,7.87
B2,M17,S13,3,12,2408,Archaea,8777,1755,3.24,2,B13,D,D3B13,10459.96,18357233,7.26
B2,N03,S13,3,12,2408,Archaea,8019,1604,3.21,3,B13,D,D3B13,10459.96,16777779,7.22
B2,O03,S14,3,12,2411,Archaea,28107,5621,3.75,1,B14,D,D3B14,7726.36,43429897,7.64
B2,O17,S14,3,12,2411,Archaea,31435,6287,3.8,2,B14,D,D3B14,7726.36,48575656,7.69
B2,P03,S14,3,12,2411,Archaea,30,6,0.77,3,B14,D,D3B14,7726.36,46358,4.67
B2,A04,S15,3,12,2417,Archaea,48179,9636,3.98,1,B15,D,D3B15,8965.06,86387334,7.94
B2,B04,S15,3,12,2417,Archaea,41834,8367,3.92,2,B15,D,D3B15,8965.06,75010670,7.88
B2,B17,S15,3,12,2417,Archaea,99092,19818,4.3,3,B15,D,D3B15,8965.06,177669591,8.25
B2,C04,S16,3,12,4254,Archaea,37627,7525,3.88,1,B16,D,D3B16,24728.58,186082535,8.27
B2,D04,S16,3,12,4254,Archaea,32360,6472,3.81,2,B16,D,D3B16,24728.58,160043345,8.2
B2,D17,S16,3,12,4254,Archaea,123593,24719,4.39,3,B16,D,D3B16,24728.58,611265673,8.79
B2,E04,S17,3,12,2665,Archaea,30957,6191,3.79,1,B17,D,D3B17,27918.4,172842821,8.24
B2,F04,S17,3,12,2665,Archaea,18089,3618,3.56,2,B17,D,D3B17,27918.4,101008775,8
B2,F17,S17,3,12,2665,Archaea,42013,8403,3.92,3,B17,D,D3B17,27918.4,234598324,8.37
B2,G04,S18,3,12,6127,Archaea,11033,2207,3.34,1,B18,D,D3B18,8283.43,18281524,7.26
B2,H04,S18,3,12,6127,Archaea,12850,2570,3.41,2,B18,D,D3B18,8283.43,21288408,7.33
B2,H17,S18,3,12,6127,Archaea,17825,3565,3.55,3,B18,D,D3B18,8283.43,29530418,7.47
B2,I04,S19,3,12,6135,Archaea,22956,4591,3.66,1,B19,D,D3B19,10769.68,49443621,7.69
B2,J04,S19,3,12,6135,Archaea,48573,9715,3.99,2,B19,D,D3B19,10769.68,104627483,8.02
B2,J17,S19,3,12,6135,Archaea,24638,4928,3.69,3,B19,D,D3B19,10769.68,53073004,7.72
A1,A05,S2,3,12,4779,Archaea,53851,10770,4.03,1,B2,D,D3B2,21586.83,232490159,8.37
A1,A06,S2,3,12,4779,Archaea,53461,10692,4.03,2,B2,D,D3B2,21586.83,230806386,8.36
A1,B05,S2,3,12,4779,Archaea,51718,10344,4.01,3,B2,D,D3B2,21586.83,223294170,8.35
A1,B06,S2,3,12,4779,Archaea,48951,9790,3.99,4,B2,D,D3B2,21586.83,211335066,8.32
B2,K04,S20,3,12,6177,Archaea,65489,13098,4.12,1,B20,D,D3B20,13245.93,173495157,8.24
B2,L04,S20,3,12,6177,Archaea,60559,12112,4.08,2,B20,D,D3B20,13245.93,160434673,8.21
B2,L17,S20,3,12,6177,Archaea,116290,23258,4.37,3,B20,D,D3B20,13245.93,308073780,8.49
A1,C05,S3,3,12,2318,Archaea,23212,4642,3.67,1,B3,D,D3B3,14491.09,67267650,7.83
A1,C06,S3,3,12,2318,Archaea,21084,4217,3.62,2,B3,D,D3B3,14491.09,61108935,7.79
A1,D05,S3,3,12,2318,Archaea,22403,4481,3.65,3,B3,D,D3B3,14491.09,64934584,7.81
A1,D06,S3,3,12,2318,Archaea,21515,4303,3.63,4,B3,D,D3B3,14491.09,62355169,7.79
A1,E05,S4,3,12,3919,Archaea,61101,12220,4.09,1,B4,D,D3B4,26382.88,322398778,8.51
A1,E06,S4,3,12,3919,Archaea,67833,13567,4.13,2,B4,D,D3B4,26382.88,357936516,8.55
A1,F05,S4,3,12,3919,Archaea,62264,12453,4.1,3,B4,D,D3B4,26382.88,328545989,8.52
A1,F06,S4,3,12,3919,Archaea,54383,10877,4.04,4,B4,D,D3B4,26382.88,286966572,8.46
A1,G05,S5,3,12,2512,Archaea,26323,5265,3.72,1,B5,D,D3B5,31588.65,166314245,8.22
A1,G06,S5,3,12,2512,Archaea,26907,5381,3.73,2,B5,D,D3B5,31588.65,169978529,8.23
A1,H05,S5,3,12,2512,Archaea,28315,5663,3.75,3,B5,D,D3B5,31588.65,178886528,8.25
A1,H06,S5,3,12,2512,Archaea,27036,5407,3.73,4,B5,D,D3B5,31588.65,170799834,8.23
B2,O02,S6,3,12,116,Archaea,6553,1311,3.12,1,B6,D,D3B6,19186.06,25152920,7.4
B2,P02,S6,3,12,116,Archaea,59523,11905,4.08,2,B6,D,D3B6,19186.06,228410005,8.36
B2,P16,S6,3,12,116,Archaea,42792,8558,3.93,3,B6,D,D3B6,19186.06,164194273,8.22
B2,A03,S7,3,12,124,Archaea,82279,16456,4.22,1,B7,D,D3B7,6382.66,105032977,8.02
B2,A17,S7,3,12,124,Archaea,89,18,1.25,2,B7,D,D3B7,6382.66,114888,5.06
B2,B03,S7,3,12,124,Archaea,159970,31994,4.51,3,B7,D,D3B7,6382.66,204206677,8.31
B2,C03,S8,3,12,353,Archaea,16205,3241,3.51,1,B8,D,D3B8,8511.28,27585047,7.44
B2,C17,S8,3,12,353,Archaea,35013,7003,3.85,2,B8,D,D3B8,8511.28,59604468,7.78
B2,D03,S8,3,12,353,Archaea,14763,2953,3.47,3,B8,D,D3B8,8511.28,25133799,7.4
B2,E03,S9,3,12,6023,Archaea,18893,3779,3.58,1,B9,D,D3B9,7710.08,29136379,7.46
B2,E17,S9,3,12,6023,Archaea,12584,2517,3.4,2,B9,D,D3B9,7710.08,19406263,7.29
B2,F03,S9,3,12,6023,Archaea,39872,7974,3.9,3,B9,D,D3B9,7710.08,61480150,7.79
A1,C17,S1,60,12,3865,Archaea,102805,20561,4.31,1,B1,D,D60B1,22670.37,466125478,8.67
A1,C18,S1,60,12,3865,Archaea,103006,20601,4.31,2,B1,D,D60B1,22670.37,467032293,8.67
A1,D17,S1,60,12,3865,Archaea,111857,22371,4.35,3,B1,D,D60B1,22670.37,507158848,8.71
A1,D18,S1,60,12,3865,Archaea,107613,21523,4.33,4,B1,D,D60B1,22670.37,487934374,8.69
B2,M12,S10,60,12,1881,Archaea,9503,1901,3.28,1,B10,D,D60B10,16661,31672558,7.5
B2,N12,S10,60,12,1881,Archaea,11184,2237,3.35,2,B10,D,D60B10,16661,37270654,7.57
B2,N21,S10,60,12,1881,Archaea,34530,6906,3.84,3,B10,D,D60B10,16661,115060856,8.06
B2,O12,S11,60,12,2259,Archaea,16048,3210,3.51,1,B11,D,D60B11,15832.75,50823121,7.71
B2,P12,S11,60,12,2259,Archaea,12330,2466,3.39,2,B11,D,D60B11,15832.75,39043557,7.59
B2,P21,S11,60,12,2259,Archaea,7263,1453,3.16,3,B11,D,D60B11,15832.75,23004983,7.36
B2,A13,S12,60,12,2407,Archaea,9290,1858,3.27,1,B12,D,D60B12,19271.42,35806307,7.55
B2,A22,S12,60,12,2407,Archaea,7566,1513,3.18,2,B12,D,D60B12,19271.42,29157666,7.46
B2,B13,S12,60,12,2407,Archaea,8495,1699,3.23,3,B12,D,D60B12,19271.42,32742150,7.52
B2,C13,S13,60,12,2408,Archaea,9430,1886,3.28,1,B13,D,D60B13,11331.01,21370282,7.33
B2,C22,S13,60,12,2408,Archaea,13118,2624,3.42,2,B13,D,D60B13,11331.01,29732567,7.47
B2,D13,S13,60,12,2408,Archaea,10986,2197,3.34,3,B13,D,D60B13,11331.01,24894226,7.4
B2,E13,S14,60,12,2411,Archaea,5451,1090,3.04,1,B14,D,D60B14,11621.42,12667343,7.1
B2,E22,S14,60,12,2411,Archaea,6548,1310,3.12,2,B14,D,D60B14,11621.42,15224055,7.18
B2,F13,S14,60,12,2411,Archaea,4903,981,2.99,3,B14,D,D60B14,11621.42,11400609,7.06
B2,G13,S15,60,12,2417,Archaea,16023,3205,3.51,1,B15,D,D60B15,9436.42,30243727,7.48
B2,G22,S15,60,12,2417,Archaea,29849,5970,3.78,2,B15,D,D60B15,9436.42,56335429,7.75
B2,H13,S15,60,12,2417,Archaea,19884,3977,3.6,3,B15,D,D60B15,9436.42,37528644,7.57
B2,I13,S16,60,12,4254,Archaea,20057,4011,3.6,1,B16,D,D60B16,22991.14,92217451,7.96
B2,I22,S16,60,12,4254,Archaea,72423,14485,4.16,2,B16,D,D60B16,22991.14,333026620,8.52
B2,J13,S16,60,12,4254,Archaea,16404,3281,3.52,3,B16,D,D60B16,22991.14,75433921,7.88
B2,K13,S17,60,12,2665,Archaea,23959,4792,3.68,1,B17,D,D60B17,29656.19,142112481,8.15
B2,K22,S17,60,12,2665,Archaea,49201,9840,3.99,2,B17,D,D60B17,29656.19,291816948,8.47
B2,L13,S17,60,12,2665,Archaea,37705,7541,3.88,3,B17,D,D60B17,29656.19,223637358,8.35
B2,M13,S18,60,12,6127,Archaea,9810,1962,3.29,1,B18,D,D60B18,10857.66,21302722,7.33
B2,M22,S18,60,12,6127,Archaea,15636,3127,3.5,2,B18,D,D60B18,10857.66,33951892,7.53
B2,N13,S18,60,12,6127,Archaea,9711,1942,3.29,3,B18,D,D60B18,10857.66,21085569,7.32
B2,O13,S19,60,12,6135,Archaea,16026,3205,3.51,1,B19,D,D60B19,13618.91,43648618,7.64
B2,O22,S19,60,12,6135,Archaea,11540,2308,3.36,2,B19,D,D60B19,13618.91,31432453,7.5
B2,P13,S19,60,12,6135,Archaea,11562,2312,3.36,3,B19,D,D60B19,13618.91,31486928,7.5
A1,E17,S2,60,12,4779,Archaea,61802,12360,4.09,1,B2,D,D60B2,15490.02,191456694,8.28
A1,E18,S2,60,12,4779,Archaea,63077,12615,4.1,2,B2,D,D60B2,15490.02,195406650,8.29
A1,F17,S2,60,12,4779,Archaea,54407,10881,4.04,3,B2,D,D60B2,15490.02,168546949,8.23
A1,F18,S2,60,12,4779,Archaea,63211,12642,4.1,4,B2,D,D60B2,15490.02,195824881,8.29
B2,A14,S20,60,12,6177,Archaea,20141,4028,3.61,1,B20,D,D60B20,19189.1,77293705,7.89
B2,B14,S20,60,12,6177,Archaea,18195,3639,3.56,2,B20,D,D60B20,19189.1,69829144,7.84
B2,B22,S20,60,12,6177,Archaea,30577,6115,3.79,3,B20,D,D60B20,19189.1,117341362,8.07
A1,G17,S3,60,12,2318,Archaea,17971,3594,3.56,1,B3,D,D60B3,15709.12,56458578,7.75
A1,G18,S3,60,12,2318,Archaea,17522,3504,3.54,2,B3,D,D60B3,15709.12,55044757,7.74
A1,H17,S3,60,12,2318,Archaea,16167,3233,3.51,3,B3,D,D60B3,15709.12,50787586,7.71
A1,H18,S3,60,12,2318,Archaea,18979,3796,3.58,4,B3,D,D60B3,15709.12,59631820,7.78
A1,I17,S4,60,12,3919,Archaea,74142,14828,4.17,1,B4,D,D60B4,35168.32,521475827,8.72
A1,I18,S4,60,12,3919,Archaea,68553,13711,4.14,2,B4,D,D60B4,35168.32,482192816,8.68
A1,J17,S4,60,12,3919,Archaea,66387,13277,4.12,3,B4,D,D60B4,35168.32,466929765,8.67
A1,J18,S4,60,12,3919,Archaea,69692,13938,4.14,4,B4,D,D60B4,35168.32,490176024,8.69
A1,K17,S5,60,12,2512,Archaea,27460,5492,3.74,1,B5,D,D60B5,27965.79,153588145,8.19
A1,K18,S5,60,12,2512,Archaea,26775,5355,3.73,2,B5,D,D60B5,27965.79,149756831,8.18
A1,L17,S5,60,12,2512,Archaea,25914,5183,3.71,3,B5,D,D60B5,27965.79,144946715,8.16
A1,L18,S5,60,12,2512,Archaea,26829,5366,3.73,4,B5,D,D60B5,27965.79,150064455,8.18
B2,E12,S6,60,12,116,Archaea,83687,16737,4.22,1,B6,D,D60B6,26679.59,446536266,8.65
B2,F12,S6,60,12,116,Archaea,28509,5702,3.76,2,B6,D,D60B6,26679.59,152127011,8.18
B2,F21,S6,60,12,116,Archaea,34343,6869,3.84,3,B6,D,D60B6,26679.59,183262091,8.26
B2,G12,S7,60,12,124,Archaea,15942,3188,3.5,1,B7,D,D60B7,10415.21,33203676,7.52
B2,H12,S7,60,12,124,Archaea,9389,1878,3.27,2,B7,D,D60B7,10415.21,19559757,7.29
B2,H21,S7,60,12,124,Archaea,60374,12075,4.08,3,B7,D,D60B7,10415.21,125763611,8.1
B2,I12,S8,60,12,353,Archaea,163382,32676,4.51,1,B8,D,D60B8,8021.46,262109343,8.42
B2,J12,S8,60,12,353,Archaea,74261,14852,4.17,2,B8,D,D60B8,8021.46,119134777,8.08
B2,J21,S8,60,12,353,Archaea,331640,66328,4.82,3,B8,D,D60B8,8021.46,532047634,8.73
B2,K12,S9,60,12,6023,Archaea,4238,848,2.93,1,B9,D,D60B9,11079.68,9395565,6.97
B2,L12,S9,60,12,6023,Archaea,5681,1136,3.06,2,B9,D,D60B9,11079.68,12586512,7.1
B2,L21,S9,60,12,6023,Archaea,28328,5666,3.75,3,B9,D,D60B9,11079.68,62777445,7.8
A1,C07,S1,7,12,3865,Archaea,94341,18868,4.28,1,B1,D,D7B1,29285.49,552558691,8.74
A1,C08,S1,7,12,3865,Archaea,89374,17875,4.25,2,B1,D,D7B1,29285.49,523478196,8.72
A1,D07,S1,7,12,3865,Archaea,89838,17968,4.25,3,B1,D,D7B1,29285.49,526201747,8.72
A1,D08,S1,7,12,3865,Archaea,88290,17658,4.25,4,B1,D,D7B1,29285.49,517123244,8.71
B2,E05,S10,7,12,1881,Archaea,11500,2300,3.36,1,B10,D,D7B10,14446.03,33225880,7.52
B2,E18,S10,7,12,1881,Archaea,21372,4274,3.63,2,B10,D,D7B10,14446.03,61742353,7.79
B2,F05,S10,7,12,1881,Archaea,10327,2065,3.31,3,B10,D,D7B10,14446.03,29831062,7.47
B2,G05,S11,7,12,2259,Archaea,12307,2461,3.39,1,B11,D,D7B11,15576.01,38332558,7.58
B2,G18,S11,7,12,2259,Archaea,40832,8166,3.91,2,B11,D,D7B11,15576.01,127193688,8.1
B2,H05,S11,7,12,2259,Archaea,13894,2779,3.44,3,B11,D,D7B11,15576.01,43285729,7.64
B2,I05,S12,7,12,2407,Archaea,6875,1375,3.14,1,B12,D,D7B12,15212.68,20917435,7.32
B2,I18,S12,7,12,2407,Archaea,29684,5937,3.77,2,B12,D,D7B12,15212.68,90317682,7.96
B2,J05,S12,7,12,2407,Archaea,19703,3941,3.6,3,B12,D,D7B12,15212.68,59953172,7.78
B2,K05,S13,7,12,2408,Archaea,17737,3547,3.55,1,B13,D,D7B13,9147.2,32445103,7.51
B2,K18,S13,7,12,2408,Archaea,13216,2643,3.42,2,B13,D,D7B13,9147.2,24176038,7.38
B2,L05,S13,7,12,2408,Archaea,17360,3472,3.54,3,B13,D,D7B13,9147.2,31759064,7.5
B2,M05,S14,7,12,2411,Archaea,4648,930,2.97,1,B14,D,D7B14,8907.49,8283962,6.92
B2,M18,S14,7,12,2411,Archaea,8970,1794,3.25,2,B14,D,D7B14,8907.49,15980030,7.2
B2,N05,S14,7,12,2411,Archaea,15182,3036,3.48,3,B14,D,D7B14,8907.49,27043127,7.43
B2,O05,S15,7,12,2417,Archaea,21384,4277,3.63,1,B15,D,D7B15,6656.01,28467752,7.45
B2,O18,S15,7,12,2417,Archaea,22624,4525,3.66,2,B15,D,D7B15,6656.01,30118442,7.48
B2,P05,S15,7,12,2417,Archaea,12708,2542,3.41,3,B15,D,D7B15,6656.01,16919576,7.23
B2,A06,S16,7,12,4254,Archaea,64510,12902,4.11,1,B16,D,D7B16,20775.29,268042730,8.43
B2,B06,S16,7,12,4254,Archaea,34997,6999,3.85,2,B16,D,D7B16,20775.29,145406221,8.16
B2,B18,S16,7,12,4254,Archaea,78710,15742,4.2,3,B16,D,D7B16,20775.29,327044540,8.51
B2,C06,S17,7,12,2665,Archaea,37908,7582,3.88,1,B17,D,D7B17,27508.96,208572902,8.32
B2,D06,S17,7,12,2665,Archaea,35821,7164,3.86,2,B17,D,D7B17,27508.96,197074158,8.29
B2,D18,S17,7,12,2665,Archaea,147796,29559,4.47,3,B17,D,D7B17,27508.96,813137220,8.91
B2,E06,S18,7,12,6127,Archaea,27160,5432,3.73,1,B18,D,D7B18,9340.4,50737041,7.71
B2,F06,S18,7,12,6127,Archaea,26888,5378,3.73,2,B18,D,D7B18,9340.4,50232660,7.7
B2,F18,S18,7,12,6127,Archaea,26148,5230,3.72,3,B18,D,D7B18,9340.4,48850281,7.69
B2,G06,S19,7,12,6135,Archaea,38810,7762,3.89,1,B19,D,D7B19,10977.36,85206253,7.93
B2,H06,S19,7,12,6135,Archaea,13992,2798,3.45,2,B19,D,D7B19,10977.36,30714648,7.49
B2,H18,S19,7,12,6135,Archaea,59267,11853,4.07,3,B19,D,D7B19,10977.36,130114624,8.11
A1,E07,S2,7,12,4779,Archaea,55801,11160,4.05,1,B2,D,D7B2,24317.62,271384660,8.43
A1,E08,S2,7,12,4779,Archaea,55735,11147,4.05,2,B2,D,D7B2,24317.62,271068531,8.43
A1,F07,S2,7,12,4779,Archaea,52200,10440,4.02,3,B2,D,D7B2,24317.62,253875972,8.4
A1,F08,S2,7,12,4779,Archaea,52653,10531,4.02,4,B2,D,D7B2,24317.62,256088876,8.41
B2,I06,S20,7,12,6177,Archaea,40887,8177,3.91,1,B20,D,D7B20,16301.7,133298965,8.12
B2,J06,S20,7,12,6177,Archaea,6811,1362,3.13,2,B20,D,D7B20,16301.7,22202909,7.35
B2,J18,S20,7,12,6177,Archaea,95964,19193,4.28,3,B20,D,D7B20,16301.7,312878443,8.5
A1,G07,S3,7,12,2318,Archaea,20197,4039,3.61,1,B3,D,D7B3,21058.04,85053422,7.93
A1,G08,S3,7,12,2318,Archaea,19587,3917,3.59,2,B3,D,D7B3,21058.04,82484341,7.92
A1,H07,S3,7,12,2318,Archaea,20252,4050,3.61,3,B3,D,D7B3,21058.04,85285061,7.93
A1,H08,S3,7,12,2318,Archaea,20401,4080,3.61,4,B3,D,D7B3,21058.04,85916802,7.93
A1,I07,S4,7,12,3919,Archaea,63872,12774,4.11,1,B4,D,D7B4,35440.17,452712703,8.66
A1,I08,S4,7,12,3919,Archaea,70285,14057,4.15,2,B4,D,D7B4,35440.17,498182438,8.7
A1,J07,S4,7,12,3919,Archaea,59463,11893,4.08,3,B4,D,D7B4,35440.17,421489915,8.62
A1,J08,S4,7,12,3919,Archaea,58701,11740,4.07,4,B4,D,D7B4,35440.17,416067569,8.62
A1,K07,S5,7,12,2512,Archaea,25710,5142,3.71,1,B5,D,D7B5,39966.99,205510242,8.31
A1,K08,S5,7,12,2512,Archaea,25274,5055,3.7,2,B5,D,D7B5,39966.99,202033114,8.31
A1,L07,S5,7,12,2512,Archaea,24565,4913,3.69,3,B5,D,D7B5,39966.99,196357802,8.29
A1,L08,S5,7,12,2512,Archaea,24403,4881,3.69,4,B5,D,D7B5,39966.99,195078859,8.29
B2,M04,S6,7,12,116,Archaea,62721,12544,4.1,1,B6,D,D7B6,20839.52,261410960,8.42
B2,N04,S6,7,12,116,Archaea,33455,6691,3.83,2,B6,D,D7B6,20839.52,139437240,8.14
B2,N17,S6,7,12,116,Archaea,65623,13125,4.12,3,B6,D,D7B6,20839.52,273518722,8.44
B2,O04,S7,7,12,124,Archaea,25281,5056,3.7,1,B7,D,D7B7,8634.07,43653859,7.64
B2,P04,S7,7,12,124,Archaea,16494,3299,3.52,2,B7,D,D7B7,8634.07,28483798,7.45
B2,P17,S7,7,12,124,Archaea,49013,9803,3.99,3,B7,D,D7B7,8634.07,84639791,7.93
B2,A05,S8,7,12,353,Archaea,95321,19064,4.28,1,B8,D,D7B8,8406.44,160260439,8.2
B2,A18,S8,7,12,353,Archaea,263426,52685,4.72,2,B8,D,D7B8,8406.44,442893477,8.65
B2,B05,S8,7,12,353,Archaea,57883,11577,4.06,3,B8,D,D7B8,8406.44,97321397,7.99
B2,C05,S9,7,12,6023,Archaea,14403,2881,3.46,1,B9,D,D7B9,7308.69,21056339,7.32
B2,C18,S9,7,12,6023,Archaea,60145,12029,4.08,2,B9,D,D7B9,7308.69,87916244,7.94
B2,D05,S9,7,12,6023,Archaea,8860,1772,3.25,3,B9,D,D7B9,7308.69,12951001,7.11
