Run,Well,Sample,Day,Temp.,Sample_ID,Gene,5 ng,1 ng,1ng_log10,Replicate,Sample,Sample,SampleID2,Order,DNA_ng_per_gsoilDM_serial,F_no_gc_per_g_soil,F_no_gc_per_g_soil_log10
A1,M17,S1,0,20,3865,Fungi,40404,8081,3.91,1,A1,S1,D,D0A1,19307.7,156025909,8.19
A1,M18,S1,0,20,3865,Fungi,37748,7550,3.88,2,A1,S1,D,D0A1,19307.7,145773495,8.16
A1,N17,S1,0,20,3865,Fungi,40322,8064,3.91,3,A1,S1,D,D0A1,19307.7,155697677,8.19
A1,N18,S1,0,20,3865,Fungi,32468,6494,3.81,4,A1,S1,D,D0A1,19307.7,125384513,8.1
A2,K14,S10,0,20,1881,Fungi,32330,6466,3.81,1,A10,S10,D,D0A10,14029.3,90713406,7.96
A2,L14,S10,0,20,1881,Fungi,38218,7644,3.88,2,A10,S10,D,D0A10,14029.3,107239912,8.03
A2,L22,S10,0,20,1881,Fungi,27882,5576,3.75,3,A10,S10,D,D0A10,14029.3,78227335,7.89
A2,M14,S11,0,20,2259,Fungi,60457,12091,4.08,1,A11,S11,D,D0A11,6657.1,80490939,7.91
A2,N14,S11,0,20,2259,Fungi,125783,25157,4.4,2,A11,S11,D,D0A11,6657.1,167472546,8.22
A2,N22,S11,0,20,2259,Fungi,50203,10041,4,3,A11,S11,D,D0A11,6657.1,66843894,7.83
A2,O14,S12,0,20,2407,Fungi,23900,4780,3.68,1,A12,S12,D,D0A12,15399.3,73608623,7.87
A2,P14,S12,0,20,2407,Fungi,26230,5246,3.72,2,A12,S12,D,D0A12,15399.3,80784694,7.91
A2,P22,S12,0,20,2407,Fungi,15805,3161,3.5,3,A12,S12,D,D0A12,15399.3,48677167,7.69
A2,A15,S13,0,20,2408,Fungi,45413,9083,3.96,1,A13,S13,D,D0A13,7328.6,66566063,7.82
A2,A23,S13,0,20,2408,Fungi,46463,9293,3.97,2,A13,S13,D,D0A13,7328.6,68105078,7.83
A2,B15,S13,0,20,2408,Fungi,49195,9839,3.99,3,A13,S13,D,D0A13,7328.6,72106517,7.86
A2,B23,S14,0,20,2411,Fungi,41765,8353,3.92,1,A14,S14,D,D0A14,8705.8,72719397,7.86
A2,C15,S14,0,20,2411,Fungi,35644,7129,3.85,2,A14,S14,D,D0A14,8705.8,62063520,7.79
A2,D15,S14,0,20,2411,Fungi,30091,6018,3.78,3,A14,S14,D,D0A14,8705.8,52391396,7.72
A2,C23,S15,0,20,2417,Fungi,39247,7849,3.89,1,A15,S15,D,D0A15,9441,74102605,7.87
A2,E15,S15,0,20,2417,Fungi,42176,8435,3.93,2,A15,S15,D,D0A15,9441,79635046,7.9
A2,F15,S15,0,20,2417,Fungi,38622,7724,3.89,3,A15,S15,D,D0A15,9441,72922477,7.86
A2,D23,S16,0,20,4254,Fungi,59580,11916,4.08,1,A16,S16,D,D0A16,18750.4,223430267,8.35
A2,G15,S16,0,20,4254,Fungi,37855,7571,3.88,2,A16,S16,D,D0A16,18750.4,141959597,8.15
A2,H15,S16,0,20,4254,Fungi,87903,17581,4.25,3,A16,S16,D,D0A16,18750.4,329651521,8.52
A2,E23,S17,0,20,2665,Fungi,42041,8408,3.92,1,A17,S17,D,D0A17,30038.8,252566317,8.4
A2,I15,S17,0,20,2665,Fungi,37939,7588,3.88,2,A17,S17,D,D0A17,30038.8,227934492,8.36
A2,J15,S17,0,20,2665,Fungi,29100,5820,3.76,3,A17,S17,D,D0A17,30038.8,174825876,8.24
A2,F23,S18,0,20,6127,Fungi,48880,9776,3.99,1,A18,S18,D,D0A18,8190.2,80067185,7.9
A2,K15,S18,0,20,6127,Fungi,35772,7154,3.85,2,A18,S18,D,D0A18,8190.2,58592537,7.77
A2,L15,S18,0,20,6127,Fungi,46382,9276,3.97,3,A18,S18,D,D0A18,8190.2,75972095,7.88
A2,G23,S19,0,20,6135,Fungi,43922,8784,3.94,1,A19,S19,D,D0A19,9752.9,85669588,7.93
A2,M15,S19,0,20,6135,Fungi,32335,6467,3.81,2,A19,S19,D,D0A19,9752.9,63072088,7.8
A2,N15,S19,0,20,6135,Fungi,31570,6314,3.8,3,A19,S19,D,D0A19,9752.9,61579892,7.79
A1,O17,S2,0,20,4779,Fungi,22258,4452,3.65,1,A2,S2,D,D0A2,15848.2,70556180,7.85
A1,O18,S2,0,20,4779,Fungi,21285,4257,3.63,2,A2,S2,D,D0A2,15848.2,67465782,7.83
A1,P17,S2,0,20,4779,Fungi,19692,3938,3.6,3,A2,S2,D,D0A2,15848.2,62410206,7.8
A1,P18,S2,0,20,4779,Fungi,21151,4230,3.63,4,A2,S2,D,D0A2,15848.2,67037880,7.83
A2,H23,S20,0,20,6177,Fungi,61437,12287,4.09,1,A20,S20,D,D0A20,11375.5,139770759,8.15
A2,O15,S20,0,20,6177,Fungi,102792,20558,4.31,2,A20,S20,D,D0A20,11375.5,233857513,8.37
A2,P15,S20,0,20,6177,Fungi,48846,9769,3.99,3,A20,S20,D,D0A20,11375.5,111127252,8.05
A1,A19,S3,0,20,2318,Fungi,53762,10752,4.03,1,A3,S3,D,D0A3,17702.2,190333891,8.28
A1,A20,S3,0,20,2318,Fungi,56120,11224,4.05,2,A3,S3,D,D0A3,17702.2,198689322,8.3
A1,B19,S3,0,20,2318,Fungi,47843,9569,3.98,3,A3,S3,D,D0A3,17702.2,169392206,8.23
A1,B20,S3,0,20,2318,Fungi,56615,11323,4.05,4,A3,S3,D,D0A3,17702.2,200441838,8.3
A1,C19,S4,0,20,3919,Fungi,54085,10817,4.03,1,A4,S4,D,D0A4,22671.3,245235781,8.39
A1,C20,S4,0,20,3919,Fungi,58183,11637,4.07,2,A4,S4,D,D0A4,22671.3,263826272,8.42
A1,D19,S4,0,20,3919,Fungi,50061,10012,4,3,A4,S4,D,D0A4,22671.3,226985360,8.36
A1,D20,S4,0,20,3919,Fungi,52434,10487,4.02,4,A4,S4,D,D0A4,22671.3,237754242,8.38
A1,E19,S5,0,20,2512,Fungi,62544,12509,4.1,1,A5,S5,D,D0A5,25542.8,319515272,8.5
A1,E20,S5,0,20,2512,Fungi,58786,11757,4.07,2,A5,S5,D,D0A5,25542.8,300307063,8.48
A1,F19,S5,0,20,2512,Fungi,49489,9898,4,3,A5,S5,D,D0A5,25542.8,252822940,8.4
A1,F20,S5,0,20,2512,Fungi,56786,11357,4.06,4,A5,S5,D,D0A5,25542.8,290089930,8.46
A2,C14,S6,0,20,116,Fungi,51514,10303,4.01,1,A6,S6,D,D0A6,18476.4,190362780,8.28
A2,D14,S6,0,20,116,Fungi,66522,13304,4.12,2,A6,S6,D,D0A6,18476.4,245810582,8.39
A2,D22,S6,0,20,116,Fungi,88886,17777,4.25,3,A6,S6,D,D0A6,18476.4,328455707,8.52
A2,E14,S7,0,20,124,Fungi,61498,12300,4.09,1,A7,S7,D,D0A7,5829.6,71704126,7.86
A2,F14,S7,0,20,124,Fungi,59964,11993,4.08,2,A7,S7,D,D0A7,5829.6,69914438,7.84
A2,F22,S7,0,20,124,Fungi,40701,8140,3.91,3,A7,S7,D,D0A7,5829.6,47452974,7.68
A2,G14,S8,0,20,353,Fungi,42437,8487,3.93,1,A8,S8,D,D0A8,11530.9,97862698,7.99
A2,H14,S8,0,20,353,Fungi,34898,6980,3.84,2,A8,S8,D,D0A8,11530.9,80485641,7.91
A2,H22,S8,0,20,353,Fungi,40432,8086,3.91,3,A8,S8,D,D0A8,11530.9,93238810,7.97
A2,I14,S9,0,20,6023,Fungi,14791,2958,3.47,1,A9,S9,D,D0A9,8279.1,24489674,7.39
A2,J14,S9,0,20,6023,Fungi,18703,3741,3.57,2,A9,S9,D,D0A9,8279.1,30972234,7.49
A2,J22,S9,0,20,6023,Fungi,27660,5532,3.74,3,A9,S9,D,D0A9,8279.1,45800161,7.66
A1,N17,S1,0,12,3865,Fungi,40322,8064,3.91,1,B1,S1,D,D0B1,19307.7,155697677,8.19
A1,N18,S1,0,12,3865,Fungi,32468,6494,3.81,2,B1,S1,D,D0B1,19307.7,125384513,8.1
A1,M17,S1,0,12,3865,Fungi,40404,8081,3.91,3,B1,S1,D,D0B1,19307.7,156025909,8.19
A1,M18,S1,0,12,3865,Fungi,37748,7550,3.88,4,B1,S1,D,D0B1,19307.7,145773495,8.16
B2,K14,S10,0,12,1881,Fungi,25931,5186,3.71,1,B10,S10,D,D0B10,14029.3,72755911,7.86
B2,L14,S10,0,12,1881,Fungi,22236,4447,3.65,2,B10,S10,D,D0B10,14029.3,62388264,7.8
B2,L22,S10,0,12,1881,Fungi,36810,7362,3.87,3,B10,S10,D,D0B10,14029.3,103283652,8.01
B2,M14,S11,0,12,2259,Fungi,41369,8274,3.92,1,B11,S11,D,D0B11,6657.1,55080806,7.74
B2,N14,S11,0,12,2259,Fungi,38047,7609,3.88,2,B11,S11,D,D0B11,6657.1,50653838,7.7
B2,N22,S11,0,12,2259,Fungi,48696,9739,3.99,3,B11,S11,D,D0B11,6657.1,64833451,7.81
B2,O14,S12,0,12,2407,Fungi,13751,2750,3.44,1,B12,S12,D,D0B12,15399.3,42348057,7.63
B2,P14,S12,0,12,2407,Fungi,13017,2603,3.42,2,B12,S12,D,D0B12,15399.3,40084361,7.6
B2,P22,S12,0,12,2407,Fungi,21447,4289,3.63,3,B12,S12,D,D0B12,15399.3,66047570,7.82
B2,A15,S13,0,12,2408,Fungi,17001,3400,3.53,1,B13,S13,D,D0B13,7328.6,24917386,7.4
B2,A23,S13,0,12,2408,Fungi,20482,4096,3.61,2,B13,S13,D,D0B13,7328.6,30018121,7.48
B2,B15,S13,0,12,2408,Fungi,17285,3457,3.54,3,B13,S13,D,D0B13,7328.6,25335118,7.4
B2,B23,S14,0,12,2411,Fungi,23400,4680,3.67,1,B14,S14,D,D0B14,8705.8,40743060,7.61
B2,C15,S14,0,12,2411,Fungi,15063,3013,3.48,2,B14,S14,D,D0B14,8705.8,26230521,7.42
B2,D15,S14,0,12,2411,Fungi,12365,2473,3.39,3,B14,S14,D,D0B14,8705.8,21529399,7.33
B2,C23,S15,0,12,2417,Fungi,24969,4994,3.7,1,B15,S15,D,D0B15,9441,47148479,7.67
B2,E15,S15,0,12,2417,Fungi,22273,4455,3.65,2,B15,S15,D,D0B15,9441,42059766,7.62
B2,F15,S15,0,12,2417,Fungi,18719,3744,3.57,3,B15,S15,D,D0B15,9441,35347198,7.55
B2,D23,S16,0,12,4254,Fungi,38102,7620,3.88,1,B16,S16,D,D0B16,18750.4,142878368,8.15
B2,G15,S16,0,12,4254,Fungi,35389,7078,3.85,2,B16,S16,D,D0B16,18750.4,132715629,8.12
B2,H15,S16,0,12,4254,Fungi,30007,6001,3.78,3,B16,S16,D,D0B16,18750.4,112521403,8.05
B2,E23,S17,0,12,2665,Fungi,24477,4895,3.69,1,B17,S17,D,D0B17,30038.8,147039976,8.17
B2,I15,S17,0,12,2665,Fungi,24203,4841,3.68,2,B17,S17,D,D0B17,30038.8,145417881,8.16
B2,J15,S17,0,12,2665,Fungi,23467,4693,3.67,3,B17,S17,D,D0B17,30038.8,140972137,8.15
B2,F23,S18,0,12,6127,Fungi,27035,5407,3.73,1,B18,S18,D,D0B18,8190.2,44284295,7.65
B2,K15,S18,0,12,6127,Fungi,34211,6842,3.84,2,B18,S18,D,D0B18,8190.2,56037201,7.75
B2,L15,S18,0,12,6127,Fungi,28639,5728,3.76,3,B18,S18,D,D0B18,8190.2,46913342,7.67
B2,G23,S19,0,12,6135,Fungi,25656,5131,3.71,1,B19,S19,D,D0B19,9752.9,50042196,7.7
B2,M15,S19,0,12,6135,Fungi,28679,5736,3.76,2,B19,S19,D,D0B19,9752.9,55942709,7.75
B2,N15,S19,0,12,6135,Fungi,26615,5323,3.73,3,B19,S19,D,D0B19,9752.9,51914756,7.72
A1,O17,S2,0,12,4779,Fungi,22258,4452,3.65,1,B2,S2,D,D0B2,15848.2,70556180,7.85
A1,O18,S2,0,12,4779,Fungi,21285,4257,3.63,2,B2,S2,D,D0B2,15848.2,67465782,7.83
A1,P17,S2,0,12,4779,Fungi,19692,3938,3.6,3,B2,S2,D,D0B2,15848.2,62410206,7.8
A1,P18,S2,0,12,4779,Fungi,21151,4230,3.63,4,B2,S2,D,D0B2,15848.2,67037880,7.83
B2,H23,S20,0,12,6177,Fungi,32570,6514,3.81,1,B20,S20,D,D0B20,11375.5,74100002,7.87
B2,O15,S20,0,12,6177,Fungi,39710,7942,3.9,2,B20,S20,D,D0B20,11375.5,90344215,7.96
B2,P15,S20,0,12,6177,Fungi,32434,6487,3.81,3,B20,S20,D,D0B20,11375.5,73792863,7.87
A1,B19,S3,0,12,2318,Fungi,47843,9569,3.98,1,B3,S3,D,D0B3,17702.2,169392206,8.23
A1,B20,S3,0,12,2318,Fungi,56615,11323,4.05,2,B3,S3,D,D0B3,17702.2,200441838,8.3
A1,A19,S3,0,12,2318,Fungi,53762,10752,4.03,3,B3,S3,D,D0B3,17702.2,190333891,8.28
A1,A20,S3,0,12,2318,Fungi,56120,11224,4.05,4,B3,S3,D,D0B3,17702.2,198689322,8.3
A1,C19,S4,0,12,3919,Fungi,54085,10817,4.03,1,B4,S4,D,D0B4,22671.3,245235781,8.39
A1,C20,S4,0,12,3919,Fungi,58183,11637,4.07,2,B4,S4,D,D0B4,22671.3,263826272,8.42
A1,D19,S4,0,12,3919,Fungi,50061,10012,4,3,B4,S4,D,D0B4,22671.3,226985360,8.36
A1,D20,S4,0,12,3919,Fungi,52434,10487,4.02,4,B4,S4,D,D0B4,22671.3,237754242,8.38
A1,F19,S5,0,12,2512,Fungi,49489,9898,4,1,B5,S5,D,D0B5,25542.8,252822940,8.4
A1,F20,S5,0,12,2512,Fungi,56786,11357,4.06,2,B5,S5,D,D0B5,25542.8,290089930,8.46
A1,E19,S5,0,12,2512,Fungi,62544,12509,4.1,3,B5,S5,D,D0B5,25542.8,319515272,8.5
A1,E20,S5,0,12,2512,Fungi,58786,11757,4.07,4,B5,S5,D,D0B5,25542.8,300307063,8.48
B2,C14,S6,0,12,116,Fungi,34589,6918,3.84,1,B6,S6,D,D0B6,18476.4,127820025,8.11
B2,D14,S6,0,12,116,Fungi,29923,5985,3.78,2,B6,S6,D,D0B6,18476.4,110581504,8.04
B2,D22,S6,0,12,116,Fungi,37149,7430,3.87,3,B6,S6,D,D0B6,18476.4,137279963,8.14
B2,E14,S7,0,12,124,Fungi,36609,7322,3.86,1,B7,S7,D,D0B7,5829.6,42684359,7.63
B2,F14,S7,0,12,124,Fungi,33980,6796,3.83,2,B7,S7,D,D0B7,5829.6,39617987,7.6
B2,F22,S7,0,12,124,Fungi,33937,6787,3.83,3,B7,S7,D,D0B7,5829.6,39565521,7.6
B2,G14,S8,0,12,353,Fungi,27215,5443,3.74,1,B8,S8,D,D0B8,11530.9,62762657,7.8
B2,H14,S8,0,12,353,Fungi,21884,4377,3.64,2,B8,S8,D,D0B8,11530.9,50470724,7.7
B2,H22,S8,0,12,353,Fungi,23970,4794,3.68,3,B8,S8,D,D0B8,11530.9,55279106,7.74
B2,I14,S9,0,12,6023,Fungi,13425,2685,3.43,1,B9,S9,D,D0B9,8279.1,22229471,7.35
B2,J14,S9,0,12,6023,Fungi,13328,2666,3.43,2,B9,S9,D,D0B9,8279.1,22072167,7.34
B2,J22,S9,0,12,6023,Fungi,14309,2862,3.46,3,B9,S9,D,D0B9,8279.1,23694877,7.37
A1,M07,S1,14,20,3865,Fungi,31557,6311,3.8,1,A1,S1,D,D14A1,25229.8,159225030,8.2
A1,M08,S1,14,20,3865,Fungi,28071,5614,3.75,2,A1,S1,D,D14A1,25229.8,141639886,8.15
A1,N07,S1,14,20,3865,Fungi,26144,5229,3.72,3,A1,S1,D,D14A1,25229.8,131926427,8.12
A1,N08,S1,14,20,3865,Fungi,27361,5472,3.74,4,A1,S1,D,D14A1,25229.8,138057260,8.14
A2,C07,S10,14,20,1881,Fungi,30843,6169,3.79,1,A10,S10,D,D14A10,16278.6,100422879,8
A2,C19,S10,14,20,1881,Fungi,33290,6658,3.82,2,A10,S10,D,D14A10,16278.6,108383130,8.03
A2,D07,S10,14,20,1881,Fungi,43604,8721,3.94,3,A10,S10,D,D14A10,16278.6,141965948,8.15
A2,E07,S11,14,20,2259,Fungi,147760,29552,4.47,1,A11,S11,D,D14A11,15681.5,463419525,8.67
A2,E19,S11,14,20,2259,Fungi,84755,16951,4.23,2,A11,S11,D,D14A11,15681.5,265817013,8.42
A2,F07,S11,14,20,2259,Fungi,145913,29183,4.47,3,A11,S11,D,D14A11,15681.5,457633054,8.66
A2,G07,S12,14,20,2407,Fungi,43720,8744,3.94,1,A12,S12,D,D14A12,19715.3,172390691,8.24
A2,G19,S12,14,20,2407,Fungi,24005,4801,3.68,2,A12,S12,D,D14A12,19715.3,94653214,7.98
A2,H07,S12,14,20,2407,Fungi,25070,5014,3.7,3,A12,S12,D,D14A12,19715.3,98852576,7.99
A2,I07,S13,14,20,2408,Fungi,47283,9457,3.98,1,A13,S13,D,D14A13,11384,107658733,8.03
A2,I19,S13,14,20,2408,Fungi,129962,25992,4.41,2,A13,S13,D,D14A13,11384,295893601,8.47
A2,J07,S13,14,20,2408,Fungi,86992,17398,4.24,3,A13,S13,D,D14A13,11384,198059283,8.3
A2,K07,S14,14,20,2411,Fungi,35130,7026,3.85,1,A14,S14,D,D14A14,10460.2,73493202,7.87
A2,K19,S14,14,20,2411,Fungi,18756,3751,3.57,2,A14,S14,D,D14A14,10460.2,39236123,7.59
A2,L07,S14,14,20,2411,Fungi,13615,2723,3.44,3,A14,S14,D,D14A14,10460.2,28483061,7.45
A2,M07,S15,14,20,2417,Fungi,66738,13348,4.13,1,A15,S15,D,D14A15,8825.7,117804837,8.07
A2,M19,S15,14,20,2417,Fungi,108128,21626,4.33,2,A15,S15,D,D14A15,8825.7,190863605,8.28
A2,N07,S15,14,20,2417,Fungi,99610,19922,4.3,3,A15,S15,D,D14A15,8825.7,175824689,8.25
A2,O07,S16,14,20,4254,Fungi,32061,6412,3.81,1,A16,S16,D,D14A16,22028.2,141245078,8.15
A2,O19,S16,14,20,4254,Fungi,44929,8986,3.95,2,A16,S16,D,D14A16,22028.2,197945769,8.3
A2,P07,S16,14,20,4254,Fungi,30955,6191,3.79,3,A16,S16,D,D14A16,22028.2,136376837,8.13
A2,A08,S17,14,20,2665,Fungi,40012,8002,3.9,1,A17,S17,D,D14A17,24855.9,198897085,8.3
A2,B08,S17,14,20,2665,Fungi,41010,8202,3.91,2,A17,S17,D,D14A17,24855.9,203868269,8.31
A2,B19,S17,14,20,2665,Fungi,39215,7843,3.89,3,A17,S17,D,D14A17,24855.9,194944993,8.29
A2,C08,S18,14,20,6127,Fungi,23455,4691,3.67,1,A18,S18,D,D14A18,11869.9,55681926,7.75
A2,D08,S18,14,20,6127,Fungi,21369,4274,3.63,2,A18,S18,D,D14A18,11869.9,50732158,7.71
A2,D19,S18,14,20,6127,Fungi,21870,4374,3.64,3,A18,S18,D,D14A18,11869.9,51919153,7.72
A2,E08,S19,14,20,6135,Fungi,9071,1814,3.26,1,A19,S19,D,D14A19,16191.5,29371355,7.47
A2,F08,S19,14,20,6135,Fungi,12955,2591,3.41,2,A19,S19,D,D14A19,16191.5,41952140,7.62
A2,F19,S19,14,20,6135,Fungi,13904,2781,3.44,3,A19,S19,D,D14A19,16191.5,45028522,7.65
A1,O07,S2,14,20,4779,Fungi,17457,3491,3.54,1,A2,S2,D,D14A2,17199.5,60043567,7.78
A1,O08,S2,14,20,4779,Fungi,17128,3426,3.53,2,A2,S2,D,D14A2,17199.5,58925597,7.77
A1,P07,S2,14,20,4779,Fungi,19274,3855,3.59,3,A2,S2,D,D14A2,17199.5,66304197,7.82
A1,P08,S2,14,20,4779,Fungi,17623,3525,3.55,4,A2,S2,D,D14A2,17199.5,60628351,7.78
A2,G08,S20,14,20,6177,Fungi,34118,6824,3.83,1,A20,S20,D,D14A20,18842.4,128580215,8.11
A2,H08,S20,14,20,6177,Fungi,62465,12493,4.1,2,A20,S20,D,D14A20,18842.4,235397512,8.37
A2,H19,S20,14,20,6177,Fungi,37335,7467,3.87,3,A20,S20,D,D14A20,18842.4,140695848,8.15
A1,A09,S3,14,20,2318,Fungi,40431,8086,3.91,1,A3,S3,D,D14A3,17977.4,145364955,8.16
A1,A10,S3,14,20,2318,Fungi,47594,9519,3.98,2,A3,S3,D,D14A3,17977.4,171126516,8.23
A1,B09,S3,14,20,2318,Fungi,37535,7507,3.88,3,A3,S3,D,D14A3,17977.4,134956062,8.13
A1,B10,S3,14,20,2318,Fungi,27816,5563,3.75,4,A3,S3,D,D14A3,17977.4,100008069,8
A1,C09,S4,14,20,3919,Fungi,57499,11500,4.06,1,A4,S4,D,D14A4,35332.3,406321740,8.61
A1,C10,S4,14,20,3919,Fungi,54468,10894,4.04,2,A4,S4,D,D14A4,35332.3,384910351,8.59
A1,D09,S4,14,20,3919,Fungi,52018,10404,4.02,3,A4,S4,D,D14A4,35332.3,367597512,8.57
A1,D10,S4,14,20,3919,Fungi,53346,10669,4.03,4,A4,S4,D,D14A4,35332.3,376960578,8.58
A1,E09,S5,14,20,2512,Fungi,41000,8200,3.91,1,A5,S5,D,D14A5,27332.5,224126582,8.35
A1,E10,S5,14,20,2512,Fungi,46311,9262,3.97,2,A5,S5,D,D14A5,27332.5,253153707,8.4
A1,F09,S5,14,20,2512,Fungi,38916,7783,3.89,3,A5,S5,D,D14A5,27332.5,212728925,8.33
A1,F10,S5,14,20,2512,Fungi,41698,8340,3.92,4,A5,S5,D,D14A5,27332.5,227953133,8.36
A2,K06,S6,14,20,116,Fungi,38652,7730,3.89,1,A6,S6,D,D14A6,21630.5,167203407,8.22
A2,L06,S6,14,20,116,Fungi,55002,11000,4.04,2,A6,S6,D,D14A6,21630.5,237934990,8.38
A2,L18,S6,14,20,116,Fungi,34808,6962,3.84,3,A6,S6,D,D14A6,21630.5,150591218,8.18
A2,M06,S7,14,20,124,Fungi,26758,5352,3.73,1,A7,S7,D,D14A7,9504.8,50869930,7.71
A2,N06,S7,14,20,124,Fungi,21321,4264,3.63,2,A7,S7,D,D14A7,9504.8,40528659,7.61
A2,N18,S7,14,20,124,Fungi,46035,9207,3.96,3,A7,S7,D,D14A7,9504.8,87511107,7.94
A2,O06,S8,14,20,353,Fungi,27931,5586,3.75,1,A8,S8,D,D14A8,7657.2,42773291,7.63
A2,P06,S8,14,20,353,Fungi,72931,14586,4.16,2,A8,S8,D,D14A8,7657.2,111688368,8.05
A2,P18,S8,14,20,353,Fungi,79765,15953,4.2,3,A8,S8,D,D14A8,7657.2,122155803,8.09
A2,A07,S9,14,20,6023,Fungi,12094,2419,3.38,1,A9,S9,D,D14A9,9462.6,22890138,7.36
A2,A19,S9,14,20,6023,Fungi,11893,2379,3.38,2,A9,S9,D,D14A9,9462.6,22511633,7.35
A2,B07,S9,14,20,6023,Fungi,16066,3213,3.51,3,A9,S9,D,D14A9,9462.6,30403479,7.48
A1,H09,S1,14,12,3865,Fungi,42964,8593,3.93,1,B1,S1,D,D14B1,30731.6,264076740,8.42
A1,H10,S1,14,12,3865,Fungi,41836,8367,3.92,2,B1,S1,D,D14B1,30731.6,257131396,8.41
A1,G09,S1,14,12,3865,Fungi,47785,9557,3.98,3,B1,S1,D,D14B1,30731.6,293702014,8.47
A1,G10,S1,14,12,3865,Fungi,47034,9407,3.97,4,B1,S1,D,D14B1,30731.6,289092272,8.46
B2,C07,S10,14,12,1881,Fungi,23900,4780,3.68,1,B10,S10,D,D14B10,15420.7,73710723,7.87
B2,C19,S10,14,12,1881,Fungi,26165,5233,3.72,2,B10,S10,D,D14B10,15420.7,80696279,7.91
B2,D07,S10,14,12,1881,Fungi,24656,4931,3.69,3,B10,S10,D,D14B10,15420.7,76039242,7.88
B2,E07,S11,14,12,2259,Fungi,35004,7001,3.85,1,B11,S11,D,D14B11,4782.4,33481445,7.52
B2,E19,S11,14,12,2259,Fungi,33686,6737,3.83,2,B11,S11,D,D14B11,4782.4,32218897,7.51
B2,F07,S11,14,12,2259,Fungi,34087,6817,3.83,3,B11,S11,D,D14B11,4782.4,32601487,7.51
B2,G07,S12,14,12,2407,Fungi,11025,2205,3.34,1,B12,S12,D,D14B12,5474.3,12070840,7.08
B2,G19,S12,14,12,2407,Fungi,10913,2183,3.34,2,B12,S12,D,D14B12,5474.3,11950405,7.08
B2,H07,S12,14,12,2407,Fungi,10362,2072,3.32,3,B12,S12,D,D14B12,5474.3,11342757,7.05
B2,I07,S13,14,12,2408,Fungi,12893,2579,3.41,1,B13,S13,D,D14B13,11850.1,30561410,7.49
B2,I19,S13,14,12,2408,Fungi,12437,2487,3.4,2,B13,S13,D,D14B13,11850.1,29471201,7.47
B2,J07,S13,14,12,2408,Fungi,13301,2660,3.42,3,B13,S13,D,D14B13,11850.1,31521268,7.5
B2,K07,S14,14,12,2411,Fungi,10807,2161,3.33,1,B14,S14,D,D14B14,7983.3,17251930,7.24
B2,K19,S14,14,12,2411,Fungi,9265,1853,3.27,2,B14,S14,D,D14B14,7983.3,14793071,7.17
B2,L07,S14,14,12,2411,Fungi,9009,1802,3.26,3,B14,S14,D,D14B14,7983.3,14385922,7.16
B2,M07,S15,14,12,2417,Fungi,10912,2182,3.34,1,B15,S15,D,D14B15,8135,17750540,7.25
B2,M19,S15,14,12,2417,Fungi,10235,2047,3.31,2,B15,S15,D,D14B15,8135,16652316,7.22
B2,N07,S15,14,12,2417,Fungi,9938,1988,3.3,3,B15,S15,D,D14B15,8135,16172352,7.21
B2,O07,S16,14,12,4254,Fungi,29960,5992,3.78,1,B16,S16,D,D14B16,21085.1,126342086,8.1
B2,O19,S16,14,12,4254,Fungi,29046,5809,3.76,2,B16,S16,D,D14B16,21085.1,122483508,8.09
B2,P07,S16,14,12,4254,Fungi,28754,5751,3.76,3,B16,S16,D,D14B16,21085.1,121260571,8.08
B2,A08,S17,14,12,2665,Fungi,13999,2800,3.45,1,B17,S17,D,D14B17,36893.5,103301788,8.01
B2,B08,S17,14,12,2665,Fungi,15123,3025,3.48,2,B17,S17,D,D14B17,36893.5,111602824,8.05
B2,B19,S17,14,12,2665,Fungi,15954,3191,3.5,3,B17,S17,D,D14B17,36893.5,117727144,8.07
B2,C08,S18,14,12,6127,Fungi,12144,2429,3.39,1,B18,S18,D,D14B18,12004.8,29159748,7.46
B2,D08,S18,14,12,6127,Fungi,12242,2448,3.39,2,B18,S18,D,D14B18,12004.8,29387840,7.47
B2,D19,S18,14,12,6127,Fungi,13749,2750,3.44,3,B18,S18,D,D14B18,12004.8,33013301,7.52
B2,E08,S19,14,12,6135,Fungi,14888,2978,3.47,1,B19,S19,D,D14B19,14507.8,43204244,7.64
B2,F08,S19,14,12,6135,Fungi,15582,3116,3.49,2,B19,S19,D,D14B19,14507.8,45206321,7.66
B2,F19,S19,14,12,6135,Fungi,19531,3906,3.59,3,B19,S19,D,D14B19,14507.8,56667487,7.75
A1,I09,S2,14,12,4779,Fungi,17490,3498,3.54,1,B2,S2,D,D14B2,21339,74643890,7.87
A1,I10,S2,14,12,4779,Fungi,18510,3702,3.57,2,B2,S2,D,D14B2,21339,78997050,7.9
A1,J09,S2,14,12,4779,Fungi,17503,3501,3.54,3,B2,S2,D,D14B2,21339,74707907,7.87
A1,J10,S2,14,12,4779,Fungi,16003,3201,3.51,4,B2,S2,D,D14B2,21339,68306202,7.83
B2,G08,S20,14,12,6177,Fungi,31944,6389,3.81,1,B20,S20,D,D14B20,18258.8,116655185,8.07
B2,H08,S20,14,12,6177,Fungi,28758,5752,3.76,2,B20,S20,D,D14B20,18258.8,105024358,8.02
B2,H19,S20,14,12,6177,Fungi,29806,5961,3.78,3,B20,S20,D,D14B20,18258.8,108840438,8.04
A1,L09,S3,14,12,2318,Fungi,38601,7720,3.89,1,B3,S3,D,D14B3,16044.3,123862143,8.09
A1,L10,S3,14,12,2318,Fungi,41274,8255,3.92,2,B3,S3,D,D14B3,16044.3,132445854,8.12
A1,K09,S3,14,12,2318,Fungi,41598,8320,3.92,3,B3,S3,D,D14B3,16044.3,133488735,8.13
A1,K10,S3,14,12,2318,Fungi,43200,8640,3.94,4,B3,S3,D,D14B3,16044.3,138622917,8.14
A1,N09,S4,14,12,3919,Fungi,45751,9150,3.96,1,B4,S4,D,D14B4,37585.6,343907889,8.54
A1,N10,S4,14,12,3919,Fungi,42356,8471,3.93,2,B4,S4,D,D14B4,37585.6,318387293,8.5
A1,M09,S4,14,12,3919,Fungi,46432,9286,3.97,3,B4,S4,D,D14B4,37585.6,349019526,8.54
A1,M10,S4,14,12,3919,Fungi,46016,9203,3.96,4,B4,S4,D,D14B4,37585.6,345899924,8.54
A1,O09,S5,14,12,2512,Fungi,51022,10204,4.01,1,B5,S5,D,D14B5,33852.7,345432498,8.54
A1,O10,S5,14,12,2512,Fungi,48660,9732,3.99,2,B5,S5,D,D14B5,33852.7,329454045,8.52
A1,P09,S5,14,12,2512,Fungi,43819,8764,3.94,3,B5,S5,D,D14B5,33852.7,296684674,8.47
A1,P10,S5,14,12,2512,Fungi,77476,15495,4.19,4,B5,S5,D,D14B5,33852.7,524546899,8.72
B2,K06,S6,14,12,116,Fungi,30782,6156,3.79,1,B6,S6,D,D14B6,24327.6,149760929,8.18
B2,L06,S6,14,12,116,Fungi,33469,6694,3.83,2,B6,S6,D,D14B6,24327.6,162849197,8.21
B2,L18,S6,14,12,116,Fungi,29542,5908,3.77,3,B6,S6,D,D14B6,24327.6,143727675,8.16
B2,M06,S7,14,12,124,Fungi,23149,4630,3.67,1,B7,S7,D,D14B7,9373.4,43398805,7.64
B2,N06,S7,14,12,124,Fungi,22079,4416,3.65,2,B7,S7,D,D14B7,9373.4,41392899,7.62
B2,N18,S7,14,12,124,Fungi,18562,3712,3.57,3,B7,S7,D,D14B7,9373.4,34794031,7.54
B2,O06,S8,14,12,353,Fungi,25738,5148,3.71,1,B8,S8,D,D14B8,8460.9,43556721,7.64
B2,P06,S8,14,12,353,Fungi,28837,5767,3.76,2,B8,S8,D,D14B8,8460.9,48794020,7.69
B2,P18,S8,14,12,353,Fungi,26832,5366,3.73,3,B8,S8,D,D14B8,8460.9,45401198,7.66
B2,A07,S9,14,12,6023,Fungi,9638,1928,3.29,1,B9,S9,D,D14B9,10650.8,20534707,7.31
B2,A19,S9,14,12,6023,Fungi,9434,1887,3.28,2,B9,S9,D,D14B9,10650.8,20098025,7.3
B2,B07,S9,14,12,6023,Fungi,8916,1783,3.25,3,B9,S9,D,D14B9,10650.8,18990344,7.28
A1,A01,S1,1,20,3865,Fungi,26349,5270,3.72,1,A1,S1,D,D1A1,25455,134147796,8.13
A1,A02,S1,1,20,3865,Fungi,33891,6778,3.83,2,A1,S1,D,D1A1,25455,172533920,8.24
A1,B01,S1,1,20,3865,Fungi,29282,5856,3.77,3,A1,S1,D,D1A1,25455,149064420,8.17
A1,B02,S1,1,20,3865,Fungi,36449,7290,3.86,4,A1,S1,D,D1A1,25455,185566875,8.27
A2,I01,S10,1,20,1881,Fungi,26865,5373,3.73,1,A10,S10,D,D1A10,14245.7,76541980,7.88
A2,I16,S10,1,20,1881,Fungi,32974,6595,3.82,2,A10,S10,D,D1A10,14245.7,93950187,7.97
A2,J01,S10,1,20,1881,Fungi,26104,5221,3.72,3,A10,S10,D,D1A10,14245.7,74376638,7.87
A2,K01,S11,1,20,2259,Fungi,19898,3980,3.6,1,A11,S11,D,D1A11,13722.6,54615891,7.74
A2,K16,S11,1,20,2259,Fungi,19313,3863,3.59,2,A11,S11,D,D1A11,13722.6,53010349,7.72
A2,L01,S11,1,20,2259,Fungi,7630,1526,3.18,3,A11,S11,D,D1A11,13722.6,20940666,7.32
A2,M01,S12,1,20,2407,Fungi,14148,2830,3.45,1,A12,S12,D,D1A12,12972.7,36712869,7.56
A2,M16,S12,1,20,2407,Fungi,18439,3688,3.57,2,A12,S12,D,D1A12,12972.7,47843484,7.68
A2,N01,S12,1,20,2407,Fungi,3394,679,2.83,3,A12,S12,D,D1A12,12972.7,8808494,6.94
A2,O01,S13,1,20,2408,Fungi,4582,916,2.96,1,A13,S13,D,D1A13,7884.1,7221872,6.86
A2,O16,S13,1,20,2408,Fungi,12073,2415,3.38,2,A13,S13,D,D1A13,7884.1,19040197,7.28
A2,P01,S13,1,20,2408,Fungi,13290,2658,3.42,3,A13,S13,D,D1A13,7884.1,20956043,7.32
A2,A02,S14,1,20,2411,Fungi,19682,3936,3.6,1,A14,S14,D,D1A14,7739.5,30462806,7.48
A2,B02,S14,1,20,2411,Fungi,14504,2901,3.46,2,A14,S14,D,D1A14,7739.5,22452388,7.35
A2,B16,S14,1,20,2411,Fungi,12447,2489,3.4,3,A14,S14,D,D1A14,7739.5,19263700,7.28
A2,C02,S15,1,20,2417,Fungi,15820,3164,3.5,1,A15,S15,D,D1A15,8090.3,25597805,7.41
A2,D02,S15,1,20,2417,Fungi,24312,4862,3.69,2,A15,S15,D,D1A15,8090.3,39335185,7.59
A2,D16,S15,1,20,2417,Fungi,16989,3398,3.53,3,A15,S15,D,D1A15,8090.3,27490942,7.44
A2,E02,S16,1,20,4254,Fungi,25491,5098,3.71,1,A16,S16,D,D1A16,18370.1,93650608,7.97
A2,F02,S16,1,20,4254,Fungi,39377,7875,3.9,2,A16,S16,D,D1A16,18370.1,144664287,8.16
A2,F16,S16,1,20,4254,Fungi,24204,4841,3.68,3,A16,S16,D,D1A16,18370.1,88929500,7.95
A2,G02,S17,1,20,2665,Fungi,53196,10639,4.03,1,A17,S17,D,D1A17,22542.7,239831907,8.38
A2,H02,S17,1,20,2665,Fungi,60558,12112,4.08,2,A17,S17,D,D1A17,22542.7,273037321,8.44
A2,H16,S17,1,20,2665,Fungi,29448,5890,3.77,3,A17,S17,D,D1A17,22542.7,132776570,8.12
A2,I02,S18,1,20,6127,Fungi,22183,4437,3.65,1,A18,S18,D,D1A18,7273.9,32274125,7.51
A2,J02,S18,1,20,6127,Fungi,39045,7809,3.89,2,A18,S18,D,D1A18,7273.9,56801586,7.75
A2,J16,S18,1,20,6127,Fungi,33508,6702,3.83,3,A18,S18,D,D1A18,7273.9,48749421,7.69
A2,K02,S19,1,20,6135,Fungi,25683,5137,3.71,1,A19,S19,D,D1A19,8924.7,45846387,7.66
A2,L02,S19,1,20,6135,Fungi,25726,5145,3.71,2,A19,S19,D,D1A19,8924.7,45917785,7.66
A2,L16,S19,1,20,6135,Fungi,32884,6577,3.82,3,A19,S19,D,D1A19,8924.7,58698012,7.77
A1,C01,S2,1,20,4779,Fungi,14342,2868,3.46,1,A2,S2,D,D1A2,21926.9,62886382,7.8
A1,C02,S2,1,20,4779,Fungi,12992,2598,3.41,2,A2,S2,D,D1A2,21926.9,56966115,7.76
A1,D01,S2,1,20,4779,Fungi,13004,2601,3.42,3,A2,S2,D,D1A2,21926.9,57031896,7.76
A1,D02,S2,1,20,4779,Fungi,13107,2621,3.42,4,A2,S2,D,D1A2,21926.9,57470434,7.76
A2,M02,S20,1,20,6177,Fungi,29890,5978,3.78,1,A20,S20,D,D1A20,15300.2,91464344,7.96
A2,N02,S20,1,20,6177,Fungi,22143,4429,3.65,2,A20,S20,D,D1A20,15300.2,67764400,7.83
A2,N16,S20,1,20,6177,Fungi,31078,6216,3.79,3,A20,S20,D,D1A20,15300.2,95105782,7.98
A1,E01,S3,1,20,2318,Fungi,23734,4747,3.68,1,A3,S3,D,D1A3,17369,82450755,7.92
A1,E02,S3,1,20,2318,Fungi,24174,4835,3.68,2,A3,S3,D,D1A3,17369,83979229,7.92
A1,F01,S3,1,20,2318,Fungi,17936,3587,3.55,3,A3,S3,D,D1A3,17369,62302688,7.79
A1,F02,S3,1,20,2318,Fungi,21464,4293,3.63,4,A3,S3,D,D1A3,17369,74565218,7.87
A1,G01,S4,1,20,3919,Fungi,50051,10010,4,1,A4,S4,D,D1A4,37828.8,378666235,8.58
A1,G02,S4,1,20,3919,Fungi,45032,9006,3.95,2,A4,S4,D,D1A4,37828.8,340686125,8.53
A1,H01,S4,1,20,3919,Fungi,47254,9451,3.98,3,A4,S4,D,D1A4,37828.8,357519939,8.55
A1,H02,S4,1,20,3919,Fungi,43126,8625,3.94,4,A4,S4,D,D1A4,37828.8,326273354,8.51
A1,I01,S5,1,20,2512,Fungi,35129,7026,3.85,1,A5,S5,D,D1A5,39961.5,280769700,8.45
A1,I02,S5,1,20,2512,Fungi,30915,6183,3.79,2,A5,S5,D,D1A5,39961.5,247082132,8.39
A1,J01,S5,1,20,2512,Fungi,29477,5895,3.77,3,A5,S5,D,D1A5,39961.5,235573211,8.37
A1,J02,S5,1,20,2512,Fungi,27103,5421,3.73,4,A5,S5,D,D1A5,39961.5,216631447,8.34
A2,A01,S6,1,20,116,Fungi,48341,9668,3.99,1,A6,S6,D,D1A6,18672.1,180522247,8.26
A2,A16,S6,1,20,116,Fungi,71861,14372,4.16,2,A6,S6,D,D1A6,18672.1,268355992,8.43
A2,B01,S6,1,20,116,Fungi,60292,12058,4.08,3,A6,S6,D,D1A6,18672.1,225148660,8.35
A2,C01,S7,1,20,124,Fungi,56325,11265,4.05,1,A7,S7,D,D1A7,6348.7,71517700,7.85
A2,C16,S7,1,20,124,Fungi,48168,9634,3.98,2,A7,S7,D,D1A7,6348.7,61163029,7.79
A2,D01,S7,1,20,124,Fungi,76131,15226,4.18,3,A7,S7,D,D1A7,6348.7,96664758,7.99
A2,E01,S8,1,20,353,Fungi,37105,7421,3.87,1,A8,S8,D,D1A8,7550.2,56030025,7.75
A2,E16,S8,1,20,353,Fungi,50476,10095,4,2,A8,S8,D,D1A8,7550.2,76219256,7.88
A2,F01,S8,1,20,353,Fungi,54021,10804,4.03,3,A8,S8,D,D1A8,7550.2,81572347,7.91
A2,G01,S9,1,20,6023,Fungi,20376,4075,3.61,1,A9,S9,D,D1A9,7447.9,30350238,7.48
A2,G16,S9,1,20,6023,Fungi,12349,2470,3.39,2,A9,S9,D,D1A9,7447.9,18396341,7.26
A2,H01,S9,1,20,6023,Fungi,34947,6989,3.84,3,A9,S9,D,D1A9,7447.9,52053452,7.72
A1,L01,S1,1,12,3865,Fungi,32417,6483,3.81,1,B1,S1,D,D1B1,30005.9,194528536,8.29
A1,L02,S1,1,12,3865,Fungi,28785,5757,3.76,2,B1,S1,D,D1B1,30005.9,172744220,8.24
A1,K01,S1,1,12,3865,Fungi,36081,7216,3.86,3,B1,S1,D,D1B1,30005.9,216522893,8.34
A1,K02,S1,1,12,3865,Fungi,30902,6180,3.79,4,B1,S1,D,D1B1,30005.9,185436735,8.27
B2,I01,S10,1,12,1881,Fungi,14477,2895,3.46,1,B10,S10,D,D1B10,15909.9,46059174,7.66
B2,I16,S10,1,12,1881,Fungi,15457,3091,3.49,2,B10,S10,D,D1B10,15909.9,49177515,7.69
B2,J01,S10,1,12,1881,Fungi,15154,3031,3.48,3,B10,S10,D,D1B10,15909.9,48222921,7.68
B2,K01,S11,1,12,2259,Fungi,11691,2338,3.37,1,B11,S11,D,D1B11,13341,31191321,7.49
B2,K16,S11,1,12,2259,Fungi,12385,2477,3.39,2,B11,S11,D,D1B11,13341,33045724,7.52
B2,L01,S11,1,12,2259,Fungi,12958,2592,3.41,3,B11,S11,D,D1B11,13341,34579942,7.54
B2,M01,S12,1,12,2407,Fungi,11339,2268,3.36,1,B12,S12,D,D1B12,13591.7,30826045,7.49
B2,M16,S12,1,12,2407,Fungi,11264,2253,3.35,2,B12,S12,D,D1B12,13591.7,30622169,7.49
B2,N01,S12,1,12,2407,Fungi,11303,2261,3.35,3,B12,S12,D,D1B12,13591.7,30730903,7.49
B2,O01,S13,1,12,2408,Fungi,8306,1661,3.22,1,B13,S13,D,D1B13,11508.6,19115704,7.28
B2,O16,S13,1,12,2408,Fungi,8299,1660,3.22,2,B13,S13,D,D1B13,11508.6,19104196,7.28
B2,P01,S13,1,12,2408,Fungi,5640,1128,3.05,3,B13,S13,D,D1B13,11508.6,12981646,7.11
B2,A02,S14,1,12,2411,Fungi,5537,1107,3.04,1,B14,S14,D,D1B14,9438.1,10448011,7.02
B2,B02,S14,1,12,2411,Fungi,7427,1485,3.17,2,B14,S14,D,D1B14,9438.1,14015625,7.15
B2,B16,S14,1,12,2411,Fungi,5604,1121,3.05,3,B14,S14,D,D1B14,9438.1,10580145,7.02
B2,C02,S15,1,12,2417,Fungi,12618,2524,3.4,1,B15,S15,D,D1B15,8534.5,21541002,7.33
B2,D02,S15,1,12,2417,Fungi,15026,3005,3.48,2,B15,S15,D,D1B15,8534.5,25646082,7.41
B2,D16,S15,1,12,2417,Fungi,10595,2119,3.33,3,B15,S15,D,D1B15,8534.5,18084541,7.26
B2,E02,S16,1,12,4254,Fungi,15926,3185,3.5,1,B16,S16,D,D1B16,22876.8,72862652,7.86
B2,F02,S16,1,12,4254,Fungi,15208,3042,3.48,2,B16,S16,D,D1B16,22876.8,69591268,7.84
B2,F16,S16,1,12,4254,Fungi,12430,2486,3.4,3,B16,S16,D,D1B16,22876.8,56871760,7.75
B2,G02,S17,1,12,2665,Fungi,14417,2883,3.46,1,B17,S17,D,D1B17,30064,86674566,7.94
B2,H02,S17,1,12,2665,Fungi,13176,2635,3.42,2,B17,S17,D,D1B17,30064,79218689,7.9
B2,H16,S17,1,12,2665,Fungi,14213,2843,3.45,3,B17,S17,D,D1B17,30064,85472005,7.93
B2,I02,S18,1,12,6127,Fungi,21362,4272,3.63,1,B18,S18,D,D1B18,9647.4,41213760,7.62
B2,J02,S18,1,12,6127,Fungi,21769,4354,3.64,2,B18,S18,D,D1B18,9647.4,42004848,7.62
B2,J16,S18,1,12,6127,Fungi,21749,4350,3.64,3,B18,S18,D,D1B18,9647.4,41966258,7.62
B2,K02,S19,1,12,6135,Fungi,23541,4708,3.67,1,B19,S19,D,D1B19,10537,49608410,7.7
B2,L02,S19,1,12,6135,Fungi,21501,4300,3.63,2,B19,S19,D,D1B19,10537,45309295,7.66
B2,L16,S19,1,12,6135,Fungi,21854,4371,3.64,3,B19,S19,D,D1B19,10537,46057425,7.66
A1,N01,S2,1,12,4779,Fungi,10638,2128,3.33,1,B2,S2,D,D1B2,21537.7,45832193,7.66
A1,N02,S2,1,12,4779,Fungi,11052,2210,3.34,2,B2,S2,D,D1B2,21537.7,47598284,7.68
A1,M01,S2,1,12,4779,Fungi,11599,2320,3.37,3,B2,S2,D,D1B2,21537.7,49967429,7.7
A1,M02,S2,1,12,4779,Fungi,13410,2682,3.43,4,B2,S2,D,D1B2,21537.7,57764071,7.76
B2,M02,S20,1,12,6177,Fungi,22586,4517,3.65,1,B20,S20,D,D1B20,13299.1,60071889,7.78
B2,N02,S20,1,12,6177,Fungi,21474,4295,3.63,2,B20,S20,D,D1B20,13299.1,57119496,7.76
B2,N16,S20,1,12,6177,Fungi,19065,3813,3.58,3,B20,S20,D,D1B20,13299.1,50709345,7.71
A1,O01,S3,1,12,2318,Fungi,22727,4545,3.66,1,B3,S3,D,D1B3,17841.1,81087974,7.91
A1,O02,S3,1,12,2318,Fungi,23602,4720,3.67,2,B3,S3,D,D1B3,17841.1,84210173,7.93
A1,P01,S3,1,12,2318,Fungi,19660,3932,3.59,3,B3,S3,D,D1B3,17841.1,70151356,7.85
A1,P02,S3,1,12,2318,Fungi,21539,4308,3.63,4,B3,S3,D,D1B3,17841.1,76859624,7.89
A1,A03,S4,1,12,3919,Fungi,45998,9200,3.96,1,B4,S4,D,D1B4,38492.7,354132553,8.55
A1,A04,S4,1,12,3919,Fungi,43358,8672,3.94,2,B4,S4,D,D1B4,38492.7,333808424,8.52
A1,B03,S4,1,12,3919,Fungi,49600,9920,4,3,B4,S4,D,D1B4,38492.7,381847274,8.58
A1,B04,S4,1,12,3919,Fungi,43347,8669,3.94,4,B4,S4,D,D1B4,38492.7,333692946,8.52
A1,D03,S5,1,12,2512,Fungi,41388,8278,3.92,1,B5,S5,D,D1B5,33885.7,280505880,8.45
A1,D04,S5,1,12,2512,Fungi,40011,8002,3.9,2,B5,S5,D,D1B5,33885.7,271153425,8.43
A1,C03,S5,1,12,2512,Fungi,43966,8793,3.94,3,B5,S5,D,D1B5,33885.7,297957018,8.47
A1,C04,S5,1,12,2512,Fungi,43035,8607,3.93,4,B5,S5,D,D1B5,33885.7,291654277,8.46
B2,A01,S6,1,12,116,Fungi,21650,4330,3.64,1,B6,S6,D,D1B6,23506.9,101784740,8.01
B2,A16,S6,1,12,116,Fungi,21959,4392,3.64,2,B6,S6,D,D1B6,23506.9,103242166,8.01
B2,B01,S6,1,12,116,Fungi,21974,4395,3.64,3,B6,S6,D,D1B6,23506.9,103312687,8.01
B2,C01,S7,1,12,124,Fungi,26035,5207,3.72,1,B7,S7,D,D1B7,6436.7,33515972,7.53
B2,C16,S7,1,12,124,Fungi,25026,5005,3.7,2,B7,S7,D,D1B7,6436.7,32215755,7.51
B2,D01,S7,1,12,124,Fungi,26287,5257,3.72,3,B7,S7,D,D1B7,6436.7,33837808,7.53
B2,E01,S8,1,12,353,Fungi,24929,4986,3.7,1,B8,S8,D,D1B8,10355.8,51633944,7.71
B2,E16,S8,1,12,353,Fungi,22323,4465,3.65,2,B8,S8,D,D1B8,10355.8,46238580,7.67
B2,F01,S8,1,12,353,Fungi,22305,4461,3.65,3,B8,S8,D,D1B8,10355.8,46197157,7.66
B2,G01,S9,1,12,6023,Fungi,13321,2664,3.43,1,B9,S9,D,D1B9,7642.1,20358619,7.31
B2,G16,S9,1,12,6023,Fungi,13456,2691,3.43,2,B9,S9,D,D1B9,7642.1,20564956,7.31
B2,H01,S9,1,12,6023,Fungi,12011,2402,3.38,3,B9,S9,D,D1B9,7642.1,18356383,7.26
A1,A11,S1,21,20,3865,Fungi,24128,4826,3.68,1,A1,S1,D,D21A1,27494.9,132690334,8.12
A1,A12,S1,21,20,3865,Fungi,27319,5464,3.74,2,A1,S1,D,D21A1,27494.9,150232073,8.18
A1,B11,S1,21,20,3865,Fungi,24810,4962,3.7,3,A1,S1,D,D21A1,27494.9,136429639,8.13
A1,B12,S1,21,20,3865,Fungi,24795,4959,3.7,4,A1,S1,D,D21A1,27494.9,136347154,8.13
A2,A09,S10,21,20,1881,Fungi,27562,5512,3.74,1,A10,S10,D,D21A10,18113.3,99840590,8
A2,A20,S10,21,20,1881,Fungi,44526,8905,3.95,2,A10,S10,D,D21A10,18113.3,161299066,8.21
A2,B09,S10,21,20,1881,Fungi,38733,7747,3.89,3,A10,S10,D,D21A10,18113.3,140323848,8.15
A2,C09,S11,21,20,2259,Fungi,192547,38509,4.59,1,A11,S11,D,D21A11,17803.8,685606464,8.84
A2,C20,S11,21,20,2259,Fungi,136773,27355,4.44,2,A11,S11,D,D21A11,17803.8,487022899,8.69
A2,D09,S11,21,20,2259,Fungi,113266,22653,4.36,3,A11,S11,D,D21A11,17803.8,403309440,8.61
A2,E09,S12,21,20,2407,Fungi,18286,3657,3.56,1,A12,S12,D,D21A12,20377,74518682,7.87
A2,E20,S12,21,20,2407,Fungi,19650,3930,3.59,2,A12,S12,D,D21A12,20377,80081602,7.9
A2,F09,S12,21,20,2407,Fungi,12649,2530,3.4,3,A12,S12,D,D21A12,20377,51553805,7.71
A2,G09,S13,21,20,2408,Fungi,86200,17240,4.24,1,A13,S13,D,D21A13,14622.5,252092113,8.4
A2,G20,S13,21,20,2408,Fungi,41606,8321,3.92,2,A13,S13,D,D21A13,14622.5,121673925,8.09
A2,H09,S13,21,20,2408,Fungi,44426,8885,3.95,3,A13,S13,D,D21A13,14622.5,129921022,8.11
A2,I09,S14,21,20,2411,Fungi,41370,8274,3.92,1,A14,S14,D,D21A14,13230.6,109469965,8.04
A2,I20,S14,21,20,2411,Fungi,26941,5388,3.73,2,A14,S14,D,D21A14,13230.6,71286460,7.85
A2,J09,S14,21,20,2411,Fungi,22805,4561,3.66,3,A14,S14,D,D21A14,13230.6,60344756,7.78
A2,K09,S15,21,20,2417,Fungi,78536,15707,4.2,1,A15,S15,D,D21A15,8384.5,131695812,8.12
A2,K20,S15,21,20,2417,Fungi,84474,16895,4.23,2,A15,S15,D,D21A15,8384.5,141656633,8.15
A2,L09,S15,21,20,2417,Fungi,47653,9531,3.98,3,A15,S15,D,D21A15,8384.5,79912955,7.9
A2,M09,S16,21,20,4254,Fungi,75789,15158,4.18,1,A16,S16,D,D21A16,25166.8,381478243,8.58
A2,M20,S16,21,20,4254,Fungi,28543,5709,3.76,2,A16,S16,D,D21A16,25166.8,143677219,8.16
A2,N09,S16,21,20,4254,Fungi,37253,7451,3.87,3,A16,S16,D,D21A16,25166.8,187517772,8.27
A2,O09,S17,21,20,2665,Fungi,33601,6720,3.83,1,A17,S17,D,D21A17,22298.6,149846903,8.18
A2,O20,S17,21,20,2665,Fungi,37918,7584,3.88,2,A17,S17,D,D21A17,22298.6,169112933,8.23
A2,P09,S17,21,20,2665,Fungi,31183,6237,3.79,3,A17,S17,D,D21A17,22298.6,139076657,8.14
A2,A10,S18,21,20,6127,Fungi,16154,3231,3.51,1,A18,S18,D,D21A18,13072,42235555,7.63
A2,B10,S18,21,20,6127,Fungi,25642,5128,3.71,2,A18,S18,D,D21A18,13072,67033095,7.83
A2,B20,S18,21,20,6127,Fungi,20375,4075,3.61,3,A18,S18,D,D21A18,13072,53268303,7.73
A2,C10,S19,21,20,6135,Fungi,27693,5539,3.74,1,A19,S19,D,D21A19,12890.4,71399756,7.85
A2,D10,S19,21,20,6135,Fungi,28529,5706,3.76,2,A19,S19,D,D21A19,12890.4,73552447,7.87
A2,D20,S19,21,20,6135,Fungi,21979,4396,3.64,3,A19,S19,D,D21A19,12890.4,56666064,7.75
A1,C11,S2,21,20,4779,Fungi,18796,3759,3.58,1,A2,S2,D,D21A2,17208,64684779,7.81
A1,C12,S2,21,20,4779,Fungi,20560,4112,3.61,2,A2,S2,D,D21A2,17208,70759194,7.85
A1,D11,S2,21,20,4779,Fungi,18676,3735,3.57,3,A2,S2,D,D21A2,17208,64271788,7.81
A1,D12,S2,21,20,4779,Fungi,18534,3707,3.57,4,A2,S2,D,D21A2,17208,63789964,7.8
A2,E10,S20,21,20,6177,Fungi,33190,6638,3.82,1,A20,S20,D,D21A20,22465.9,149128470,8.17
A2,F10,S20,21,20,6177,Fungi,32648,6530,3.81,2,A20,S20,D,D21A20,22465.9,146702156,8.17
A2,F20,S20,21,20,6177,Fungi,26536,5307,3.72,3,A20,S20,D,D21A20,22465.9,119226392,8.08
A1,E11,S3,21,20,2318,Fungi,203839,40768,4.61,1,A3,S3,D,D21A3,21274.5,867320780,8.94
A1,E12,S3,21,20,2318,Fungi,192933,38587,4.59,2,A3,S3,D,D21A3,21274.5,820920990,8.91
A1,F11,S3,21,20,2318,Fungi,179634,35927,4.56,3,A3,S3,D,D21A3,21274.5,764330692,8.88
A1,F12,S3,21,20,2318,Fungi,177226,35445,4.55,4,A3,S3,D,D21A3,21274.5,754076360,8.88
A1,G11,S4,21,20,3919,Fungi,52597,10519,4.02,1,A4,S4,D,D21A4,37132.8,390600030,8.59
A1,G12,S4,21,20,3919,Fungi,52430,10486,4.02,2,A4,S4,D,D21A4,37132.8,389374647,8.59
A1,H11,S4,21,20,3919,Fungi,47480,9496,3.98,3,A4,S4,D,D21A4,37132.8,352613165,8.55
A1,H12,S4,21,20,3919,Fungi,47260,9452,3.98,4,A4,S4,D,D21A4,37132.8,350979322,8.55
A1,I11,S5,21,20,2512,Fungi,40510,8102,3.91,1,A5,S5,D,D21A5,32622.8,264309648,8.42
A1,I12,S5,21,20,2512,Fungi,38453,7691,3.89,2,A5,S5,D,D21A5,32622.8,250901692,8.4
A1,J11,S5,21,20,2512,Fungi,37063,7413,3.87,3,A5,S5,D,D21A5,32622.8,241832563,8.38
A1,J12,S5,21,20,2512,Fungi,36240,7248,3.86,4,A5,S5,D,D21A5,32622.8,236449806,8.37
A2,I08,S6,21,20,116,Fungi,49983,9997,4,1,A6,S6,D,D21A6,27476.7,274684491,8.44
A2,J08,S6,21,20,116,Fungi,41166,8233,3.92,2,A6,S6,D,D21A6,27476.7,226215606,8.35
A2,J19,S6,21,20,116,Fungi,76327,15265,4.18,3,A6,S6,D,D21A6,27476.7,419431705,8.62
A2,K08,S7,21,20,124,Fungi,19966,3993,3.6,1,A7,S7,D,D21A7,10643.2,42498468,7.63
A2,L08,S7,21,20,124,Fungi,13587,2717,3.43,2,A7,S7,D,D21A7,10643.2,28917691,7.46
A2,L19,S7,21,20,124,Fungi,19592,3918,3.59,3,A7,S7,D,D21A7,10643.2,41700225,7.62
A2,M08,S8,21,20,353,Fungi,39366,7873,3.9,1,A8,S8,D,D21A8,8251.5,64963993,7.81
A2,N08,S8,21,20,353,Fungi,34467,6893,3.84,2,A8,S8,D,D21A8,8251.5,56877531,7.75
A2,N19,S8,21,20,353,Fungi,30250,6050,3.78,3,A8,S8,D,D21A8,8251.5,49921524,7.7
A2,O08,S9,21,20,6023,Fungi,23954,4791,3.68,1,A9,S9,D,D21A9,10476,50190314,7.7
A2,P08,S9,21,20,6023,Fungi,24846,4969,3.7,2,A9,S9,D,D21A9,10476,52055034,7.72
A2,P19,S9,21,20,6023,Fungi,10862,2172,3.34,3,A9,S9,D,D21A9,10476,22753780,7.36
A1,K11,S1,21,12,3865,Fungi,39397,7879,3.9,1,B1,S1,D,D21B1,27022.6,212910817,8.33
A1,K12,S1,21,12,3865,Fungi,33151,6630,3.82,2,B1,S1,D,D21B1,27022.6,179159629,8.25
A1,L11,S1,21,12,3865,Fungi,36489,7298,3.86,3,B1,S1,D,D21B1,27022.6,197210704,8.29
A1,L12,S1,21,12,3865,Fungi,37375,7475,3.87,4,B1,S1,D,D21B1,27022.6,201993699,8.31
B2,A09,S10,21,12,1881,Fungi,36949,7390,3.87,1,B10,S10,D,D21B10,18478.2,136553994,8.14
B2,A20,S10,21,12,1881,Fungi,61664,12333,4.09,2,B10,S10,D,D21B10,18478.2,227891801,8.36
B2,B09,S10,21,12,1881,Fungi,35008,7002,3.85,3,B10,S10,D,D21B10,18478.2,129384447,8.11
B2,C09,S11,21,12,2259,Fungi,14054,2811,3.45,1,B11,S11,D,D21B11,23347.1,65628647,7.82
B2,C20,S11,21,12,2259,Fungi,18010,3602,3.56,2,B11,S11,D,D21B11,23347.1,84096189,7.92
B2,D09,S11,21,12,2259,Fungi,14105,2821,3.45,3,B11,S11,D,D21B11,23347.1,65862118,7.82
B2,E09,S12,21,12,2407,Fungi,5447,1089,3.04,1,B12,S12,D,D21B12,28082.6,30581987,7.49
B2,E20,S12,21,12,2407,Fungi,5123,1025,3.01,2,B12,S12,D,D21B12,28082.6,28784698,7.46
B2,F09,S12,21,12,2407,Fungi,5080,1016,3.01,3,B12,S12,D,D21B12,28082.6,28531955,7.46
B2,G09,S13,21,12,2408,Fungi,82071,16414,4.22,1,B13,S13,D,D21B13,10943.3,179623038,8.25
B2,G20,S13,21,12,2408,Fungi,71307,14261,4.15,2,B13,S13,D,D21B13,10943.3,156062151,8.19
B2,H09,S13,21,12,2408,Fungi,69211,13842,4.14,3,B13,S13,D,D21B13,10943.3,151476916,8.18
B2,I09,S14,21,12,2411,Fungi,8444,1689,3.23,1,B14,S14,D,D21B14,8804.9,14871460,7.17
B2,I20,S14,21,12,2411,Fungi,10941,2188,3.34,2,B14,S14,D,D21B14,8804.9,19265100,7.28
B2,J09,S14,21,12,2411,Fungi,7129,1426,3.15,3,B14,S14,D,D21B14,8804.9,12555774,7.1
B2,K09,S15,21,12,2417,Fungi,9855,1971,3.29,1,B15,S15,D,D21B15,8874,17490733,7.24
B2,K20,S15,21,12,2417,Fungi,475,95,1.98,2,B15,S15,D,D21B15,8874,843034,5.93
B2,L09,S15,21,12,2417,Fungi,8890,1778,3.25,3,B15,S15,D,D21B15,8874,15778043,7.2
B2,M09,S16,21,12,4254,Fungi,85106,17021,4.23,1,B16,S16,D,D21B16,19940.7,339410506,8.53
B2,M20,S16,21,12,4254,Fungi,94373,18875,4.28,2,B16,S16,D,D21B16,19940.7,376380548,8.58
B2,N09,S16,21,12,4254,Fungi,67748,13550,4.13,3,B16,S16,D,D21B16,19940.7,270196367,8.43
B2,O09,S17,21,12,2665,Fungi,26883,5377,3.73,1,B17,S17,D,D21B17,22948.1,123391706,8.09
B2,O20,S17,21,12,2665,Fungi,43632,8726,3.94,2,B17,S17,D,D21B17,22948.1,200244751,8.3
B2,P09,S17,21,12,2665,Fungi,24113,4823,3.68,3,B17,S17,D,D21B17,22948.1,110678482,8.04
B2,A10,S18,21,12,6127,Fungi,10756,2151,3.33,1,B18,S18,D,D21B18,12980.5,27921051,7.45
B2,B10,S18,21,12,6127,Fungi,7541,1508,3.18,2,B18,S18,D,D21B18,12980.5,19574591,7.29
B2,B20,S18,21,12,6127,Fungi,16293,3259,3.51,3,B18,S18,D,D21B18,12980.5,42303443,7.63
B2,C10,S19,21,12,6135,Fungi,16418,3284,3.52,1,B19,S19,D,D21B19,13806.1,45339340,7.66
B2,D10,S19,21,12,6135,Fungi,16092,3218,3.51,2,B19,S19,D,D21B19,13806.1,44428135,7.65
B2,D20,S19,21,12,6135,Fungi,27634,5527,3.74,3,B19,S19,D,D21B19,13806.1,76306495,7.88
A1,M11,S2,21,12,4779,Fungi,22582,4516,3.65,1,B2,S2,D,D21B2,20104.9,90793748,7.96
A1,M12,S2,21,12,4779,Fungi,20311,4062,3.61,2,B2,S2,D,D21B2,20104.9,81666121,7.91
A1,N11,S2,21,12,4779,Fungi,20252,4050,3.61,3,B2,S2,D,D21B2,20104.9,81424862,7.91
A1,N12,S2,21,12,4779,Fungi,19474,3895,3.59,4,B2,S2,D,D21B2,20104.9,78308602,7.89
B2,E10,S20,21,12,6177,Fungi,40830,8166,3.91,1,B20,S20,D,D21B20,18629.8,152131337,8.18
B2,F10,S20,21,12,6177,Fungi,34071,6814,3.83,2,B20,S20,D,D21B20,18629.8,126943783,8.1
B2,F20,S20,21,12,6177,Fungi,35971,7194,3.86,3,B20,S20,D,D21B20,18629.8,134023125,8.13
A1,O11,S3,21,12,2318,Fungi,44023,8805,3.94,1,B3,S3,D,D21B3,19872.4,174976841,8.24
A1,O12,S3,21,12,2318,Fungi,50402,10080,4,2,B3,S3,D,D21B3,19872.4,200314203,8.3
A1,P11,S3,21,12,2318,Fungi,48288,9658,3.98,3,B3,S3,D,D21B3,19872.4,191928033,8.28
A1,P12,S3,21,12,2318,Fungi,42392,8478,3.93,4,B3,S3,D,D21B3,19872.4,168478553,8.23
A1,A13,S4,21,12,3919,Fungi,39586,7917,3.9,1,B4,S4,D,D21B4,33835.5,267875697,8.43
A1,A14,S4,21,12,3919,Fungi,41740,8348,3.92,2,B4,S4,D,D21B4,33835.5,282458800,8.45
A1,B13,S4,21,12,3919,Fungi,40558,8112,3.91,3,B4,S4,D,D21B4,33835.5,274473621,8.44
A1,B14,S4,21,12,3919,Fungi,38822,7764,3.89,4,B4,S4,D,D21B4,33835.5,262698865,8.42
A1,D13,S5,21,12,2512,Fungi,39724,7945,3.9,1,B5,S5,D,D21B5,30601.9,243132255,8.39
A1,D14,S5,21,12,2512,Fungi,40934,8187,3.91,2,B5,S5,D,D21B5,30601.9,250537920,8.4
A1,C13,S5,21,12,2512,Fungi,42294,8459,3.93,3,B5,S5,D,D21B5,30601.9,258861642,8.41
A1,C14,S5,21,12,2512,Fungi,46447,9289,3.97,4,B5,S5,D,D21B5,30601.9,284261236,8.45
B2,I08,S6,21,12,116,Fungi,38300,7660,3.88,1,B6,S6,D,D21B6,20575.8,157610558,8.2
B2,J08,S6,21,12,116,Fungi,35783,7157,3.85,2,B6,S6,D,D21B6,20575.8,147260935,8.17
B2,J19,S6,21,12,116,Fungi,37691,7538,3.88,3,B6,S6,D,D21B6,20575.8,155100311,8.19
B2,K08,S7,21,12,124,Fungi,26213,5243,3.72,1,B7,S7,D,D21B7,8345,43752778,7.64
B2,L08,S7,21,12,124,Fungi,24863,4973,3.7,2,B7,S7,D,D21B7,8345,41499631,7.62
B2,L19,S7,21,12,124,Fungi,28445,5689,3.76,3,B7,S7,D,D21B7,8345,47474644,7.68
B2,M08,S8,21,12,353,Fungi,29221,5844,3.77,1,B8,S8,D,D21B8,7572.1,44251544,7.65
B2,N08,S8,21,12,353,Fungi,31564,6313,3.8,2,B8,S8,D,D21B8,7572.1,47802874,7.68
B2,N19,S8,21,12,353,Fungi,34657,6931,3.84,3,B8,S8,D,D21B8,7572.1,52482452,7.72
B2,O08,S9,21,12,6023,Fungi,9383,1877,3.27,1,B9,S9,D,D21B9,9543.4,17913000,7.25
B2,P08,S9,21,12,6023,Fungi,9140,1828,3.26,2,B9,S9,D,D21B9,9543.4,17445372,7.24
B2,P19,S9,21,12,6023,Fungi,11304,2261,3.35,3,B9,S9,D,D21B9,9543.4,21577673,7.33
A1,E13,S1,28,20,3865,Fungi,27793,5559,3.74,1,A1,S1,D,D28A1,25559.7,142086147,8.15
A1,E14,S1,28,20,3865,Fungi,34998,7000,3.85,2,A1,S1,D,D28A1,25559.7,178917616,8.25
A1,F13,S1,28,20,3865,Fungi,31386,6277,3.8,3,A1,S1,D,D28A1,25559.7,160437982,8.21
A1,F14,S1,28,20,3865,Fungi,30123,6025,3.78,4,A1,S1,D,D28A1,25559.7,153996948,8.19
A2,O10,S10,28,20,1881,Fungi,38217,7643,3.88,1,A10,S10,D,D28A10,14183.4,108403345,8.04
A2,P10,S10,28,20,1881,Fungi,35636,7127,3.85,2,A10,S10,D,D28A10,14183.4,101084736,8
A2,P20,S10,28,20,1881,Fungi,37422,7484,3.87,3,A10,S10,D,D28A10,14183.4,106148192,8.03
A2,A11,S11,28,20,2259,Fungi,384658,76932,4.89,1,A11,S11,D,D28A11,4478.6,344545564,8.54
A2,A21,S11,28,20,2259,Fungi,481680,96336,4.98,2,A11,S11,D,D28A11,4478.6,431447791,8.63
A2,B11,S11,28,20,2259,Fungi,555697,111139,5.05,3,A11,S11,D,D28A11,4478.6,497744104,8.7
A2,C11,S12,28,20,2407,Fungi,201846,40369,4.61,1,A12,S12,D,D28A12,5251.6,212002626,8.33
A2,C21,S12,28,20,2407,Fungi,196790,39358,4.6,2,A12,S12,D,D28A12,5251.6,206693239,8.32
A2,D11,S12,28,20,2407,Fungi,176222,35244,4.55,3,A12,S12,D,D28A12,5251.6,185088076,8.27
A2,E11,S13,28,20,2408,Fungi,37894,7579,3.88,1,A13,S13,D,D28A13,11178.2,84719645,7.93
A2,E21,S13,28,20,2408,Fungi,50709,10142,4.01,2,A13,S13,D,D28A13,11178.2,113369395,8.05
A2,F11,S13,28,20,2408,Fungi,95948,19190,4.28,3,A13,S13,D,D28A13,11178.2,214509829,8.33
A2,G11,S14,28,20,2411,Fungi,44645,8929,3.95,1,A14,S14,D,D28A14,7438.8,66421214,7.82
A2,G21,S14,28,20,2411,Fungi,69249,13850,4.14,2,A14,S14,D,D28A14,7438.8,103027642,8.01
A2,H11,S14,28,20,2411,Fungi,69380,13876,4.14,3,A14,S14,D,D28A14,7438.8,103221052,8.01
A2,I11,S15,28,20,2417,Fungi,212906,42581,4.63,1,A15,S15,D,D28A15,7448.7,317171851,8.5
A2,I21,S15,28,20,2417,Fungi,108952,21790,4.34,2,A15,S15,D,D28A15,7448.7,162306537,8.21
A2,J11,S15,28,20,2417,Fungi,83593,16719,4.22,3,A15,S15,D,D28A15,7448.7,124534327,8.1
A2,K11,S16,28,20,4254,Fungi,36418,7284,3.86,1,A16,S16,D,D28A16,19391.3,141246449,8.15
A2,K21,S16,28,20,4254,Fungi,40174,8035,3.9,2,A16,S16,D,D28A16,19391.3,155809338,8.19
A2,L11,S16,28,20,4254,Fungi,114004,22801,4.36,3,A16,S16,D,D28A16,19391.3,442141719,8.65
A2,M11,S17,28,20,2665,Fungi,19102,3820,3.58,1,A17,S17,D,D28A17,34503,131801604,8.12
A2,M21,S17,28,20,2665,Fungi,55769,11154,4.05,2,A17,S17,D,D28A17,34503,384846883,8.59
A2,N11,S17,28,20,2665,Fungi,54763,10953,4.04,3,A17,S17,D,D28A17,34503,377911772,8.58
A2,O11,S18,28,20,6127,Fungi,12694,2539,3.4,1,A18,S18,D,D28A18,11375.6,28882741,7.46
A2,O21,S18,28,20,6127,Fungi,16519,3304,3.52,2,A18,S18,D,D28A18,11375.6,37585102,7.58
A2,P11,S18,28,20,6127,Fungi,14383,2877,3.46,3,A18,S18,D,D28A18,11375.6,32727706,7.51
A2,A12,S19,28,20,6135,Fungi,13587,2717,3.43,1,A19,S19,D,D28A19,13739.6,37330588,7.57
A2,B12,S19,28,20,6135,Fungi,22241,4448,3.65,2,A19,S19,D,D28A19,13739.6,61113896,7.79
A2,B21,S19,28,20,6135,Fungi,11998,2400,3.38,3,A19,S19,D,D28A19,13739.6,32975124,7.52
A1,G13,S2,28,20,4779,Fungi,18023,3605,3.56,1,A2,S2,D,D28A2,14843.1,53509396,7.73
A1,G14,S2,28,20,4779,Fungi,18730,3746,3.57,2,A2,S2,D,D28A2,14843.1,55602274,7.75
A1,H13,S2,28,20,4779,Fungi,15530,3106,3.49,3,A2,S2,D,D28A2,14843.1,46102687,7.66
A1,H14,S2,28,20,4779,Fungi,17453,3491,3.54,4,A2,S2,D,D28A2,14843.1,51817282,7.71
A2,C12,S20,28,20,6177,Fungi,81600,16320,4.21,1,A20,S20,D,D28A20,16804.2,274243815,8.44
A2,D12,S20,28,20,6177,Fungi,54152,10830,4.03,2,A20,S20,D,D28A20,16804.2,181989002,8.26
A2,D21,S20,28,20,6177,Fungi,70120,14024,4.15,3,A20,S20,D,D28A20,16804.2,235661475,8.37
A1,I13,S3,28,20,2318,Fungi,50342,10068,4,1,A3,S3,D,D28A3,17886.3,180078890,8.26
A1,I14,S3,28,20,2318,Fungi,48477,9695,3.99,2,A3,S3,D,D28A3,17886.3,173407314,8.24
A1,J13,S3,28,20,2318,Fungi,48599,9720,3.99,3,A3,S3,D,D28A3,17886.3,173854470,8.24
A1,J14,S3,28,20,2318,Fungi,46341,9268,3.97,4,A3,S3,D,D28A3,17886.3,165769880,8.22
A1,K13,S4,28,20,3919,Fungi,43418,8684,3.94,1,A4,S4,D,D28A4,30735,266903172,8.43
A1,K14,S4,28,20,3919,Fungi,43502,8700,3.94,2,A4,S4,D,D28A4,30735,267394933,8.43
A1,L13,S4,28,20,3919,Fungi,40230,8046,3.91,3,A4,S4,D,D28A4,30735,247294210,8.39
A1,L14,S4,28,20,3919,Fungi,41648,8330,3.92,4,A4,S4,D,D28A4,30735,256022964,8.41
A1,M13,S5,28,20,2512,Fungi,29328,5866,3.77,1,A5,S5,D,D28A5,29477.4,172914546,8.24
A1,M14,S5,28,20,2512,Fungi,29306,5861,3.77,2,A5,S5,D,D28A5,29477.4,172767159,8.24
A1,N13,S5,28,20,2512,Fungi,28657,5731,3.76,3,A5,S5,D,D28A5,29477.4,168935094,8.23
A1,N14,S5,28,20,2512,Fungi,35588,7118,3.85,4,A5,S5,D,D28A5,29477.4,209820276,8.32
A2,G10,S6,28,20,116,Fungi,80983,16197,4.21,1,A6,S6,D,D28A6,22690.7,367521344,8.57
A2,H10,S6,28,20,116,Fungi,79663,15933,4.2,2,A6,S6,D,D28A6,22690.7,361530998,8.56
A2,H20,S6,28,20,116,Fungi,37670,7534,3.88,3,A6,S6,D,D28A6,22690.7,170951769,8.23
A2,I10,S7,28,20,124,Fungi,25866,5173,3.71,1,A7,S7,D,D28A7,8807.1,45558919,7.66
A2,J10,S7,28,20,124,Fungi,44930,8986,3.95,2,A7,S7,D,D28A7,8807.1,79140238,7.9
A2,J20,S7,28,20,124,Fungi,25075,5015,3.7,3,A7,S7,D,D28A7,8807.1,44167404,7.65
A2,K10,S8,28,20,353,Fungi,33338,6668,3.82,1,A8,S8,D,D28A8,7850.5,52347094,7.72
A2,L10,S8,28,20,353,Fungi,33446,6689,3.83,2,A8,S8,D,D28A8,7850.5,52511954,7.72
A2,L20,S8,28,20,353,Fungi,40994,8199,3.91,3,A8,S8,D,D28A8,7850.5,64366200,7.81
A2,M10,S9,28,20,6023,Fungi,9646,1929,3.29,1,A9,S9,D,D28A9,9996.4,19283100,7.29
A2,N10,S9,28,20,6023,Fungi,9502,1900,3.28,2,A9,S9,D,D28A9,9996.4,18993204,7.28
A2,N20,S9,28,20,6023,Fungi,13626,2725,3.44,3,A9,S9,D,D28A9,9996.4,27240253,7.44
A1,O13,S1,28,12,3865,Fungi,44477,8895,3.95,1,B1,S1,D,D28B1,25387.6,225822426,8.35
A1,O14,S1,28,12,3865,Fungi,41608,8322,3.92,2,B1,S1,D,D28B1,25387.6,211275349,8.32
A1,P13,S1,28,12,3865,Fungi,41923,8385,3.92,3,B1,S1,D,D28B1,25387.6,212874766,8.33
A1,P14,S1,28,12,3865,Fungi,42253,8451,3.93,4,B1,S1,D,D28B1,25387.6,214550345,8.33
B2,O10,S10,28,12,1881,Fungi,37960,7592,3.88,1,B10,S10,D,D28B10,16530,125495935,8.1
B2,P10,S10,28,12,1881,Fungi,35808,7162,3.86,2,B10,S10,D,D28B10,16530,118388025,8.07
B2,P20,S10,28,12,1881,Fungi,83209,16642,4.22,3,B10,S10,D,D28B10,16530,275092643,8.44
B2,A11,S11,28,12,2259,Fungi,25201,5040,3.7,1,B11,S11,D,D28B11,13598.2,68534730,7.84
B2,A21,S11,28,12,2259,Fungi,34846,6969,3.84,2,B11,S11,D,D28B11,13598.2,94765582,7.98
B2,B11,S11,28,12,2259,Fungi,15085,3017,3.48,3,B11,S11,D,D28B11,13598.2,41025651,7.61
B2,C11,S12,28,12,2407,Fungi,8457,1691,3.23,1,B12,S12,D,D28B12,19085.9,32274282,7.51
B2,C21,S12,28,12,2407,Fungi,10047,2009,3.3,2,B12,S12,D,D28B12,19085.9,38343603,7.58
B2,D11,S12,28,12,2407,Fungi,20143,4029,3.61,3,B12,S12,D,D28B12,19085.9,76897152,7.89
B2,E11,S13,28,12,2408,Fungi,49052,9810,3.99,1,B13,S13,D,D28B13,11391.9,111754262,8.05
B2,E21,S13,28,12,2408,Fungi,54796,10959,4.04,2,B13,S13,D,D28B13,11391.9,124843523,8.1
B2,F11,S13,28,12,2408,Fungi,45903,9181,3.96,3,B13,S13,D,D28B13,11391.9,104588775,8.02
B2,G11,S14,28,12,2411,Fungi,12251,2450,3.39,1,B14,S14,D,D28B14,8660.5,21218218,7.33
B2,G21,S14,28,12,2411,Fungi,12965,2593,3.41,2,B14,S14,D,D28B14,8660.5,22456669,7.35
B2,H11,S14,28,12,2411,Fungi,11258,2252,3.35,3,B14,S14,D,D28B14,8660.5,19503439,7.29
B2,I11,S15,28,12,2417,Fungi,13325,2665,3.43,1,B15,S15,D,D28B15,7792.3,20766441,7.32
B2,I21,S15,28,12,2417,Fungi,18185,3637,3.56,2,B15,S15,D,D28B15,7792.3,28340542,7.45
B2,J11,S15,28,12,2417,Fungi,10526,2105,3.32,3,B15,S15,D,D28B15,7792.3,16402761,7.21
B2,K11,S16,28,12,4254,Fungi,80114,16023,4.2,1,B16,S16,D,D28B16,23169.3,371242017,8.57
B2,K21,S16,28,12,4254,Fungi,135463,27093,4.43,2,B16,S16,D,D28B16,23169.3,627726391,8.8
B2,L11,S16,28,12,4254,Fungi,66182,13236,4.12,3,B16,S16,D,D28B16,23169.3,306669122,8.49
B2,M11,S17,28,12,2665,Fungi,24473,4895,3.69,1,B17,S17,D,D28B17,25828.5,126430328,8.1
B2,M21,S17,28,12,2665,Fungi,34218,6844,3.84,2,B17,S17,D,D28B17,25828.5,176770003,8.25
B2,N11,S17,28,12,2665,Fungi,21588,4318,3.64,3,B17,S17,D,D28B17,25828.5,111527305,8.05
B2,O11,S18,28,12,6127,Fungi,14305,2861,3.46,1,B18,S18,D,D28B18,11026.4,31546526,7.5
B2,O21,S18,28,12,6127,Fungi,21192,4238,3.63,2,B18,S18,D,D28B18,11026.4,46729877,7.67
B2,P11,S18,28,12,6127,Fungi,11976,2395,3.38,3,B18,S18,D,D28B18,11026.4,26408224,7.42
B2,A12,S19,28,12,6135,Fungi,11160,2232,3.35,1,B19,S19,D,D28B19,14110.8,31495245,7.5
B2,B12,S19,28,12,6135,Fungi,9874,1975,3.3,2,B19,S19,D,D28B19,14110.8,27868776,7.45
B2,B21,S19,28,12,6135,Fungi,15022,3004,3.48,3,B19,S19,D,D28B19,14110.8,42388761,7.63
A1,A15,S2,28,12,4779,Fungi,26123,5225,3.72,1,B2,S2,D,D28B2,17554.7,91723445,7.96
A1,A16,S2,28,12,4779,Fungi,27486,5497,3.74,2,B2,S2,D,D28B2,17554.7,96498330,7.98
A1,B15,S2,28,12,4779,Fungi,25660,5132,3.71,3,B2,S2,D,D28B2,17554.7,90090855,7.95
A1,B16,S2,28,12,4779,Fungi,25928,5186,3.71,4,B2,S2,D,D28B2,17554.7,91038810,7.96
B2,C12,S20,28,12,6177,Fungi,38365,7673,3.88,1,B20,S20,D,D28B20,22524.9,172833393,8.24
B2,D12,S20,28,12,6177,Fungi,34189,6838,3.83,2,B20,S20,D,D28B20,22524.9,154025119,8.19
B2,D21,S20,28,12,6177,Fungi,49270,9854,3.99,3,B20,S20,D,D28B20,22524.9,221960153,8.35
A1,D15,S3,28,12,2318,Fungi,48152,9630,3.98,1,B3,S3,D,D28B3,17766.7,171093724,8.23
A1,D16,S3,28,12,2318,Fungi,45790,9158,3.96,2,B3,S3,D,D28B3,17766.7,162707821,8.21
A1,C15,S3,28,12,2318,Fungi,50052,10010,4,3,B3,S3,D,D28B3,17766.7,177845085,8.25
A1,C16,S3,28,12,2318,Fungi,48731,9746,3.99,4,B3,S3,D,D28B3,17766.7,173154666,8.24
A1,E15,S4,28,12,3919,Fungi,51543,10309,4.01,1,B4,S4,D,D28B4,31739,327196847,8.51
A1,E16,S4,28,12,3919,Fungi,49263,9853,3.99,2,B4,S4,D,D28B4,31739,312723886,8.5
A1,F15,S4,28,12,3919,Fungi,48872,9774,3.99,3,B4,S4,D,D28B4,31739,310216508,8.49
A1,F16,S4,28,12,3919,Fungi,45681,9136,3.96,4,B4,S4,D,D28B4,31739,289967058,8.46
A1,H15,S5,28,12,2512,Fungi,51830,10366,4.02,1,B5,S5,D,D28B5,32135.5,333116657,8.52
A1,H16,S5,28,12,2512,Fungi,56755,11351,4.06,2,B5,S5,D,D28B5,32135.5,364770131,8.56
A1,G15,S5,28,12,2512,Fungi,59797,11959,4.08,3,B5,S5,D,D28B5,32135.5,384308518,8.58
A1,G16,S5,28,12,2512,Fungi,57986,11597,4.06,4,B5,S5,D,D28B5,32135.5,372675465,8.57
B2,G10,S6,28,12,116,Fungi,51195,10239,4.01,1,B6,S6,D,D28B6,19870,203448990,8.31
B2,H10,S6,28,12,116,Fungi,41885,8377,3.92,2,B6,S6,D,D28B6,19870,166451039,8.22
B2,H20,S6,28,12,116,Fungi,44379,8876,3.95,3,B6,S6,D,D28B6,19870,176366172,8.25
B2,I10,S7,28,12,124,Fungi,30971,6194,3.79,1,B7,S7,D,D28B7,8580.4,53147054,7.73
B2,J10,S7,28,12,124,Fungi,25600,5120,3.71,2,B7,S7,D,D28B7,8580.4,43931694,7.64
B2,J20,S7,28,12,124,Fungi,48527,9705,3.99,3,B7,S7,D,D28B7,8580.4,83272870,7.92
B2,K10,S8,28,12,353,Fungi,30195,6039,3.78,1,B8,S8,D,D28B8,8638.6,52168730,7.72
B2,L10,S8,28,12,353,Fungi,28168,5634,3.75,2,B8,S8,D,D28B8,8638.6,48670082,7.69
B2,L20,S8,28,12,353,Fungi,44534,8907,3.95,3,B8,S8,D,D28B8,8638.6,76944341,7.89
B2,M10,S9,28,12,6023,Fungi,10552,2110,3.32,1,B9,S9,D,D28B9,9675.3,20414927,7.31
B2,N10,S9,28,12,6023,Fungi,8681,1736,3.24,2,B9,S9,D,D28B9,9675.3,16796357,7.23
B2,N20,S9,28,12,6023,Fungi,15949,3190,3.5,3,B9,S9,D,D28B9,9675.3,30864274,7.49
A1,E03,S1,3,20,3865,Fungi,34770,6954,3.84,1,A1,S1,D,D3A1,26769.5,186155010,8.27
A1,E04,S1,3,20,3865,Fungi,33696,6739,3.83,2,A1,S1,D,D3A1,26769.5,180399570,8.26
A1,F03,S1,3,20,3865,Fungi,35232,7046,3.85,3,A1,S1,D,D3A1,26769.5,188617802,8.28
A1,F04,S1,3,20,3865,Fungi,33174,6635,3.82,4,A1,S1,D,D3A1,26769.5,177615543,8.25
A2,G03,S10,3,20,1881,Fungi,19675,3935,3.59,1,A10,S10,D,D3A10,15411.8,60645426,7.78
A2,G17,S10,3,20,1881,Fungi,14059,2812,3.45,2,A10,S10,D,D3A10,15411.8,43337976,7.64
A2,H03,S10,3,20,1881,Fungi,40155,8031,3.9,3,A10,S10,D,D3A10,15411.8,123772151,8.09
A2,I03,S11,3,20,2259,Fungi,10308,2062,3.31,1,A11,S11,D,D3A11,11531.2,23777374,7.38
A2,I17,S11,3,20,2259,Fungi,13151,2630,3.42,2,A11,S11,D,D3A11,11531.2,30327107,7.48
A2,J03,S11,3,20,2259,Fungi,11225,2245,3.35,3,A11,S11,D,D3A11,11531.2,25887588,7.41
A2,K03,S12,3,20,2407,Fungi,12702,2540,3.4,1,A12,S12,D,D3A12,14264.5,36231776,7.56
A2,K17,S12,3,20,2407,Fungi,9324,1865,3.27,2,A12,S12,D,D3A12,14264.5,26603253,7.42
A2,L03,S12,3,20,2407,Fungi,13488,2698,3.43,3,A12,S12,D,D3A12,14264.5,38485563,7.59
A2,M03,S13,3,20,2408,Fungi,29946,5989,3.78,1,A13,S13,D,D3A13,7039.8,42161077,7.62
A2,M17,S13,3,20,2408,Fungi,11031,2206,3.34,2,A13,S13,D,D3A13,7039.8,15529694,7.19
A2,N03,S13,3,20,2408,Fungi,10672,2134,3.33,3,A13,S13,D,D3A13,7039.8,15022832,7.18
A2,O03,S14,3,20,2411,Fungi,8524,1705,3.23,1,A14,S14,D,D3A14,6625,11295702,7.05
A2,O17,S14,3,20,2411,Fungi,7344,1469,3.17,2,A14,S14,D,D3A14,6625,9732191,6.99
A2,P03,S14,3,20,2411,Fungi,9021,1804,3.26,3,A14,S14,D,D3A14,6625,11951581,7.08
A2,A04,S15,3,20,2417,Fungi,21737,4347,3.64,1,A15,S15,D,D3A15,7832.9,34049641,7.53
A2,B04,S15,3,20,2417,Fungi,19241,3848,3.59,2,A15,S15,D,D3A15,7832.9,30141021,7.48
A2,B17,S15,3,20,2417,Fungi,14520,2904,3.46,3,A15,S15,D,D3A15,7832.9,22746758,7.36
A2,C04,S16,3,20,4254,Fungi,20013,4003,3.6,1,A16,S16,D,D3A16,16648,66641842,7.82
A2,D04,S16,3,20,4254,Fungi,28803,5761,3.76,2,A16,S16,D,D3A16,16648,95908982,7.98
A2,D17,S16,3,20,4254,Fungi,21579,4316,3.64,3,A16,S16,D,D3A16,16648,71852658,7.86
A2,E04,S17,3,20,2665,Fungi,18071,3614,3.56,1,A17,S17,D,D3A17,24216.6,87518766,7.94
A2,F04,S17,3,20,2665,Fungi,19781,3956,3.6,2,A17,S17,D,D3A17,24216.6,95800841,7.98
A2,F17,S17,3,20,2665,Fungi,18355,3671,3.56,3,A17,S17,D,D3A17,24216.6,88899112,7.95
A2,G04,S18,3,20,6127,Fungi,45304,9061,3.96,1,A18,S18,D,D3A18,8288.8,75105016,7.88
A2,H04,S18,3,20,6127,Fungi,55413,11083,4.04,2,A18,S18,D,D3A18,8288.8,91865014,7.96
A2,H17,S18,3,20,6127,Fungi,19969,3994,3.6,3,A18,S18,D,D3A18,8288.8,33105555,7.52
A2,I04,S19,3,20,6135,Fungi,15082,3016,3.48,1,A19,S19,D,D3A19,10951.4,33029392,7.52
A2,J04,S19,3,20,6135,Fungi,40041,8008,3.9,2,A19,S19,D,D3A19,10951.4,87698731,7.94
A2,J17,S19,3,20,6135,Fungi,14745,2949,3.47,3,A19,S19,D,D3A19,10951.4,32295649,7.51
A1,G03,S2,3,20,4779,Fungi,11995,2399,3.38,1,A2,S2,D,D3A2,20936.4,50226533,7.7
A1,G04,S2,3,20,4779,Fungi,10026,2005,3.3,2,A2,S2,D,D3A2,20936.4,41977573,7.62
A1,H03,S2,3,20,4779,Fungi,11900,2380,3.38,3,A2,S2,D,D3A2,20936.4,49828740,7.7
A1,H04,S2,3,20,4779,Fungi,11264,2253,3.35,4,A2,S2,D,D3A2,20936.4,47169812,7.67
A2,K04,S20,3,20,6177,Fungi,61511,12302,4.09,1,A20,S20,D,D3A20,18076.3,222374243,8.35
A2,L04,S20,3,20,6177,Fungi,23001,4600,3.66,2,A20,S20,D,D3A20,18076.3,83150831,7.92
A2,L17,S20,3,20,6177,Fungi,23158,4632,3.67,3,A20,S20,D,D3A20,18076.3,83729271,7.92
A1,I03,S3,3,20,2318,Fungi,27749,5550,3.74,1,A3,S3,D,D3A3,18334.2,101754966,8.01
A1,I04,S3,3,20,2318,Fungi,26172,5234,3.72,2,A3,S3,D,D3A3,18334.2,95961350,7.98
A1,J03,S3,3,20,2318,Fungi,27913,5583,3.75,3,A3,S3,D,D3A3,18334.2,102359995,8.01
A1,J04,S3,3,20,2318,Fungi,26518,5304,3.72,4,A3,S3,D,D3A3,18334.2,97244746,7.99
A1,K03,S4,3,20,3919,Fungi,31696,6339,3.8,1,A4,S4,D,D3A4,39109,247912268,8.39
A1,K04,S4,3,20,3919,Fungi,32639,6528,3.81,2,A4,S4,D,D3A4,39109,255303878,8.41
A1,L03,S4,3,20,3919,Fungi,28321,5664,3.75,3,A4,S4,D,D3A4,39109,221513659,8.35
A1,L04,S4,3,20,3919,Fungi,33109,6622,3.82,4,A4,S4,D,D3A4,39109,258980129,8.41
A1,M03,S5,3,20,2512,Fungi,28423,5685,3.75,1,A5,S5,D,D3A5,36962.8,210133799,8.32
A1,M04,S5,3,20,2512,Fungi,27911,5582,3.75,2,A5,S5,D,D3A5,36962.8,206326625,8.31
A1,N03,S5,3,20,2512,Fungi,27809,5562,3.75,3,A5,S5,D,D3A5,36962.8,205587368,8.31
A1,N04,S5,3,20,2512,Fungi,31513,6303,3.8,4,A5,S5,D,D3A5,36962.8,232976840,8.37
A2,O02,S6,3,20,116,Fungi,15461,3092,3.49,1,A6,S6,D,D3A6,23988.7,74173092,7.87
A2,P02,S6,3,20,116,Fungi,22159,4432,3.65,2,A6,S6,D,D3A6,23988.7,106317964,8.03
A2,P16,S6,3,20,116,Fungi,45152,9030,3.96,3,A6,S6,D,D3A6,23988.7,216618054,8.34
A2,A03,S7,3,20,124,Fungi,33440,6688,3.83,1,A7,S7,D,D3A7,5340.8,35719004,7.55
A2,A17,S7,3,20,124,Fungi,39877,7975,3.9,2,A7,S7,D,D3A7,5340.8,42592562,7.63
A2,B03,S7,3,20,124,Fungi,44986,8997,3.95,3,A7,S7,D,D3A7,5340.8,48050819,7.68
A2,C03,S8,3,20,353,Fungi,39445,7889,3.9,1,A8,S8,D,D3A8,6930.8,54677432,7.74
A2,C17,S8,3,20,353,Fungi,44074,8815,3.95,2,A8,S8,D,D3A8,6930.8,61095394,7.79
A2,D03,S8,3,20,353,Fungi,55483,11097,4.05,3,A8,S8,D,D3A8,6930.8,76911581,7.89
A2,E03,S9,3,20,6023,Fungi,10823,2165,3.34,1,A9,S9,D,D3A9,12711.1,27519625,7.44
A2,E17,S9,3,20,6023,Fungi,9738,1948,3.29,2,A9,S9,D,D3A9,12711.1,24761306,7.39
A2,F03,S9,3,20,6023,Fungi,12463,2493,3.4,3,A9,S9,D,D3A9,12711.1,31688879,7.5
A1,P03,S1,3,12,3865,Fungi,25886,5177,3.71,1,B1,S1,D,D3B1,29997.8,155298355,8.19
A1,P04,S1,3,12,3865,Fungi,31681,6336,3.8,2,B1,S1,D,D3B1,29997.8,190065748,8.28
A1,O03,S1,3,12,3865,Fungi,28273,5655,3.75,3,B1,S1,D,D3B1,29997.8,169637280,8.23
A1,O04,S1,3,12,3865,Fungi,29797,5959,3.78,4,B1,S1,D,D3B1,29997.8,178756596,8.25
B2,G03,S10,3,12,1881,Fungi,8868,1774,3.25,1,B10,S10,D,D3B10,13643.4,24203310,7.38
B2,G17,S10,3,12,1881,Fungi,8608,1722,3.24,2,B10,S10,D,D3B10,13643.4,23493855,7.37
B2,H03,S10,3,12,1881,Fungi,8443,1689,3.23,3,B10,S10,D,D3B10,13643.4,23043625,7.36
B2,I03,S11,3,12,2259,Fungi,12324,2465,3.39,1,B11,S11,D,D3B11,12050.2,29703726,7.47
B2,I17,S11,3,12,2259,Fungi,11952,2390,3.38,2,B11,S11,D,D3B11,12050.2,28799961,7.46
B2,J03,S11,3,12,2259,Fungi,13563,2713,3.43,3,B11,S11,D,D3B11,12050.2,32692174,7.51
B2,K03,S12,3,12,2407,Fungi,7894,1579,3.2,1,B12,S12,D,D3B12,15485.4,24451409,7.39
B2,K17,S12,3,12,2407,Fungi,7733,1547,3.19,2,B12,S12,D,D3B12,15485.4,23955877,7.38
B2,L03,S12,3,12,2407,Fungi,7882,1576,3.2,3,B12,S12,D,D3B12,15485.4,24404953,7.39
B2,M03,S13,3,12,2408,Fungi,29090,5818,3.76,1,B13,S13,D,D3B13,10460,60856058,7.78
B2,M17,S13,3,12,2408,Fungi,27564,5513,3.74,2,B13,S13,D,D3B13,10460,57665770,7.76
B2,N03,S13,3,12,2408,Fungi,28620,5724,3.76,3,B13,S13,D,D3B13,10460,59872822,7.78
B2,O03,S14,3,12,2411,Fungi,10997,2199,3.34,1,B14,S14,D,D3B14,7726.4,16990276,7.23
B2,O17,S14,3,12,2411,Fungi,10720,2144,3.33,2,B14,S14,D,D3B14,7726.4,16565326,7.22
B2,P03,S14,3,12,2411,Fungi,10185,2037,3.31,3,B14,S14,D,D3B14,7726.4,15738605,7.2
B2,A04,S15,3,12,2417,Fungi,14204,2841,3.45,1,B15,S15,D,D3B15,8965.1,25469740,7.41
B2,B04,S15,3,12,2417,Fungi,15396,3079,3.49,2,B15,S15,D,D3B15,8965.1,27603425,7.44
B2,B17,S15,3,12,2417,Fungi,14337,2867,3.46,3,B15,S15,D,D3B15,8965.1,25702832,7.41
B2,C04,S16,3,12,4254,Fungi,16958,3392,3.53,1,B16,S16,D,D3B16,24728.6,83879330,7.92
B2,D04,S16,3,12,4254,Fungi,16448,3290,3.52,2,B16,S16,D,D3B16,24728.6,81357015,7.91
B2,D17,S16,3,12,4254,Fungi,15223,3045,3.48,3,B16,S16,D,D3B16,24728.6,75298514,7.88
B2,E04,S17,3,12,2665,Fungi,19837,3967,3.6,1,B17,S17,D,D3B17,27918.4,110752297,8.04
B2,F04,S17,3,12,2665,Fungi,17262,3452,3.54,2,B17,S17,D,D3B17,27918.4,96374320,7.98
B2,F17,S17,3,12,2665,Fungi,16336,3267,3.51,3,B17,S17,D,D3B17,27918.4,91209416,7.96
B2,G04,S18,3,12,6127,Fungi,14946,2989,3.48,1,B18,S18,D,D3B18,8283.4,24759164,7.39
B2,H04,S18,3,12,6127,Fungi,14768,2954,3.47,2,B18,S18,D,D3B18,8283.4,24469244,7.39
B2,H17,S18,3,12,6127,Fungi,12557,2511,3.4,3,B18,S18,D,D3B18,8283.4,20799686,7.32
B2,I04,S19,3,12,6135,Fungi,23125,4625,3.67,1,B19,S19,D,D3B19,10769.7,49809790,7.7
B2,J04,S19,3,12,6135,Fungi,21581,4316,3.64,2,B19,S19,D,D3B19,10769.7,46481958,7.67
B2,J17,S19,3,12,6135,Fungi,21195,4239,3.63,3,B19,S19,D,D3B19,10769.7,45652692,7.66
A1,B05,S2,3,12,4779,Fungi,9749,1950,3.29,1,B2,S2,D,D3B2,21586.8,42094318,7.62
A1,B06,S2,3,12,4779,Fungi,10054,2011,3.3,2,B2,S2,D,D3B2,21586.8,43411115,7.64
A1,A05,S2,3,12,4779,Fungi,10235,2047,3.31,3,B2,S2,D,D3B2,21586.8,44188241,7.65
A1,A06,S2,3,12,4779,Fungi,9157,1831,3.26,4,B2,S2,D,D3B2,21586.8,39525486,7.6
B2,K04,S20,3,12,6177,Fungi,34440,6888,3.84,1,B20,S20,D,D3B20,13245.9,91237948,7.96
B2,L04,S20,3,12,6177,Fungi,32096,6419,3.81,2,B20,S20,D,D3B20,13245.9,85025608,7.93
B2,L17,S20,3,12,6177,Fungi,30410,6082,3.78,3,B20,S20,D,D3B20,13245.9,80561731,7.91
A1,D05,S3,3,12,2318,Fungi,33785,6757,3.83,1,B3,S3,D,D3B3,14491.1,97916309,7.99
A1,D06,S3,3,12,2318,Fungi,35746,7149,3.85,2,B3,S3,D,D3B3,14491.1,103596818,8.02
A1,C05,S3,3,12,2318,Fungi,39187,7837,3.89,3,B3,S3,D,D3B3,14491.1,113566689,8.06
A1,C06,S3,3,12,2318,Fungi,36816,7363,3.87,4,B3,S3,D,D3B3,14491.1,106697911,8.03
A1,E05,S4,3,12,3919,Fungi,44047,8809,3.94,1,B4,S4,D,D3B4,26382.9,232406779,8.37
A1,E06,S4,3,12,3919,Fungi,42418,8484,3.93,2,B4,S4,D,D3B4,26382.9,223832343,8.35
A1,F05,S4,3,12,3919,Fungi,36846,7369,3.87,3,B4,S4,D,D3B4,26382.9,194415434,8.29
A1,F06,S4,3,12,3919,Fungi,35534,7107,3.85,4,B4,S4,D,D3B4,26382.9,187503119,8.27
A1,H05,S5,3,12,2512,Fungi,34764,6953,3.84,1,B5,S5,D,D3B5,31588.7,219635888,8.34
A1,H06,S5,3,12,2512,Fungi,37955,7591,3.88,2,B5,S5,D,D3B5,31588.7,239789447,8.38
A1,G05,S5,3,12,2512,Fungi,36563,7313,3.86,3,B5,S5,D,D3B5,31588.7,231007802,8.36
A1,G06,S5,3,12,2512,Fungi,38664,7733,3.89,4,B5,S5,D,D3B5,31588.7,244275035,8.39
B2,O02,S6,3,12,116,Fungi,26757,5351,3.73,1,B6,S6,D,D3B6,19186.1,102664589,8.01
B2,P02,S6,3,12,116,Fungi,28197,5639,3.75,2,B6,S6,D,D3B6,19186.1,108190174,8.03
B2,P16,S6,3,12,116,Fungi,26787,5357,3.73,3,B6,S6,D,D3B6,19186.1,102779706,8.01
B2,A03,S7,3,12,124,Fungi,27831,5566,3.75,1,B7,S7,D,D3B7,6382.7,35525860,7.55
B2,A17,S7,3,12,124,Fungi,26820,5364,3.73,2,B7,S7,D,D3B7,6382.7,34236564,7.53
B2,B03,S7,3,12,124,Fungi,31453,6291,3.8,3,B7,S7,D,D3B7,6382.7,40153285,7.6
B2,C03,S8,3,12,353,Fungi,13003,2601,3.42,1,B8,S8,D,D3B8,8511.3,22137830,7.35
B2,C17,S8,3,12,353,Fungi,9973,1995,3.3,2,B8,S8,D,D3B8,8511.3,16979996,7.23
B2,D03,S8,3,12,353,Fungi,10180,2036,3.31,3,B8,S8,D,D3B8,8511.3,17328959,7.24
B2,E03,S9,3,12,6023,Fungi,16486,3297,3.52,1,B9,S9,D,D3B9,7710.1,25420122,7.41
B2,E17,S9,3,12,6023,Fungi,14818,2964,3.47,2,B9,S9,D,D3B9,7710.1,22852667,7.36
B2,F03,S9,3,12,6023,Fungi,16686,3337,3.52,3,B9,S9,D,D3B9,7710.1,25728525,7.41
A1,I15,S1,60,20,3865,Fungi,27727,5545,3.74,1,A1,S1,D,D60A1,23264,128999077,8.11
A1,I16,S1,60,20,3865,Fungi,31373,6275,3.8,2,A1,S1,D,D60A1,23264,145981823,8.16
A1,J15,S1,60,20,3865,Fungi,26682,5336,3.73,3,A1,S1,D,D60A1,23264,124136894,8.09
A1,J16,S1,60,20,3865,Fungi,26577,5315,3.73,4,A1,S1,D,D60A1,23264,123648349,8.09
A2,M12,S10,60,20,1881,Fungi,19248,3850,3.59,1,A10,S10,D,D60A10,16966.1,65319618,7.82
A2,N12,S10,60,20,1881,Fungi,20682,4136,3.62,2,A10,S10,D,D60A10,16966.1,70171933,7.85
A2,N21,S10,60,20,1881,Fungi,19366,3873,3.59,3,A10,S10,D,D60A10,16966.1,65709839,7.82
A2,O12,S11,60,20,2259,Fungi,62319,12464,4.1,1,A11,S11,D,D60A11,21913.4,273128226,8.44
A2,P12,S11,60,20,2259,Fungi,76580,15316,4.19,2,A11,S11,D,D60A11,21913.4,335625153,8.53
A2,P21,S11,60,20,2259,Fungi,32375,6475,3.81,3,A11,S11,D,D60A11,21913.4,141889062,8.15
A2,A13,S12,60,20,2407,Fungi,75634,15127,4.18,1,A12,S12,D,D60A12,26724.8,404266415,8.61
A2,A22,S12,60,20,2407,Fungi,98355,19671,4.29,2,A12,S12,D,D60A12,26724.8,525704016,8.72
A2,B13,S12,60,20,2407,Fungi,86170,17234,4.24,3,A12,S12,D,D60A12,26724.8,460575620,8.66
A2,C13,S13,60,20,2408,Fungi,69437,13887,4.14,1,A13,S13,D,D60A13,10445.2,145052539,8.16
A2,C22,S13,60,20,2408,Fungi,89528,17906,4.25,2,A13,S13,D,D60A13,10445.2,187031811,8.27
A2,D13,S13,60,20,2408,Fungi,67264,13453,4.13,3,A13,S13,D,D60A13,10445.2,140519321,8.15
A2,E13,S14,60,20,2411,Fungi,182699,36540,4.56,1,A14,S14,D,D60A14,8207.6,299905736,8.48
A2,E22,S14,60,20,2411,Fungi,109183,21837,4.34,2,A14,S14,D,D60A14,8207.6,179229380,8.25
A2,F13,S14,60,20,2411,Fungi,202649,40530,4.61,3,A14,S14,D,D60A14,8207.6,332654063,8.52
A2,G13,S15,60,20,2417,Fungi,47521,9504,3.98,1,A15,S15,D,D60A15,8095.2,76936958,7.89
A2,G22,S15,60,20,2417,Fungi,68286,13657,4.14,2,A15,S15,D,D60A15,8095.2,110556401,8.04
A2,H13,S15,60,20,2417,Fungi,64039,12808,4.11,3,A15,S15,D,D60A15,8095.2,103683560,8.02
A2,I13,S16,60,20,4254,Fungi,42010,8402,3.92,1,A16,S16,D,D60A16,18249.1,153328538,8.19
A2,I22,S16,60,20,4254,Fungi,58421,11684,4.07,2,A16,S16,D,D60A16,18249.1,213221928,8.33
A2,J13,S16,60,20,4254,Fungi,52741,10548,4.02,3,A16,S16,D,D60A16,18249.1,192491004,8.28
A2,K13,S17,60,20,2665,Fungi,36154,7231,3.86,1,A17,S17,D,D60A17,21540.1,155756700,8.19
A2,K22,S17,60,20,2665,Fungi,35696,7139,3.85,2,A17,S17,D,D60A17,21540.1,153775008,8.19
A2,L13,S17,60,20,2665,Fungi,37054,7411,3.87,3,A17,S17,D,D60A17,21540.1,159633924,8.2
A2,M13,S18,60,20,6127,Fungi,16974,3395,3.53,1,A18,S18,D,D60A18,12370.4,41997592,7.62
A2,M22,S18,60,20,6127,Fungi,13994,2799,3.45,2,A18,S18,D,D60A18,12370.4,34624819,7.54
A2,N13,S18,60,20,6127,Fungi,12786,2557,3.41,3,A18,S18,D,D60A18,12370.4,31631176,7.5
A2,O13,S19,60,20,6135,Fungi,9812,1962,3.29,1,A19,S19,D,D60A19,13082.1,25667134,7.41
A2,O22,S19,60,20,6135,Fungi,7266,1453,3.16,2,A19,S19,D,D60A19,13082.1,19008331,7.28
A2,P13,S19,60,20,6135,Fungi,18365,3673,3.57,3,A19,S19,D,D60A19,13082.1,48050654,7.68
A1,K15,S2,60,20,4779,Fungi,11884,2377,3.38,1,A2,S2,D,D60A2,16230.8,38580589,7.59
A1,K16,S2,60,20,4779,Fungi,12723,2545,3.41,2,A2,S2,D,D60A2,16230.8,41307362,7.62
A1,L15,S2,60,20,4779,Fungi,12042,2408,3.38,3,A2,S2,D,D60A2,16230.8,39083744,7.59
A1,L16,S2,60,20,4779,Fungi,11763,2353,3.37,4,A2,S2,D,D60A2,16230.8,38191050,7.58
A2,A14,S20,60,20,6177,Fungi,86572,17314,4.24,1,A20,S20,D,D60A20,17105.5,296164240,8.47
A2,B14,S20,60,20,6177,Fungi,80102,16020,4.2,2,A20,S20,D,D60A20,17105.5,274029752,8.44
A2,B22,S20,60,20,6177,Fungi,112683,22537,4.35,3,A20,S20,D,D60A20,17105.5,385506150,8.59
A1,M15,S3,60,20,2318,Fungi,40326,8065,3.91,1,A3,S3,D,D60A3,19031.2,153486371,8.19
A1,M16,S3,60,20,2318,Fungi,41625,8325,3.92,2,A3,S3,D,D60A3,19031.2,158434475,8.2
A1,N15,S3,60,20,2318,Fungi,40796,8159,3.91,3,A3,S3,D,D60A3,19031.2,155275301,8.19
A1,N16,S3,60,20,2318,Fungi,35256,7051,3.85,4,A3,S3,D,D60A3,19031.2,134188767,8.13
A1,O15,S4,60,20,3919,Fungi,49713,9943,4,1,A4,S4,D,D60A4,29144.6,289784500,8.46
A1,O16,S4,60,20,3919,Fungi,49977,9995,4,2,A4,S4,D,D60A4,29144.6,291300018,8.46
A1,P15,S4,60,20,3919,Fungi,52097,10419,4.02,3,A4,S4,D,D60A4,29144.6,303657317,8.48
A1,P16,S4,60,20,3919,Fungi,48409,9682,3.99,4,A4,S4,D,D60A4,29144.6,282177766,8.45
A1,A17,S5,60,20,2512,Fungi,33733,6747,3.83,1,A5,S5,D,D60A5,20615.3,139091299,8.14
A1,A18,S5,60,20,2512,Fungi,31812,6362,3.8,2,A5,S5,D,D60A5,20615.3,131154416,8.12
A1,B17,S5,60,20,2512,Fungi,31275,6255,3.8,3,A5,S5,D,D60A5,20615.3,128948581,8.11
A1,B18,S5,60,20,2512,Fungi,30991,6198,3.79,4,A5,S5,D,D60A5,20615.3,127773510,8.11
A2,E12,S6,60,20,116,Fungi,46860,9372,3.97,1,A6,S6,D,D60A6,19113.3,179130046,8.25
A2,F12,S6,60,20,116,Fungi,52424,10485,4.02,2,A6,S6,D,D60A6,19113.3,200403173,8.3
A2,F21,S6,60,20,116,Fungi,43363,8673,3.94,3,A6,S6,D,D60A6,19113.3,165769835,8.22
A2,G12,S7,60,20,124,Fungi,21722,4344,3.64,1,A7,S7,D,D60A7,7876.2,34214254,7.53
A2,H12,S7,60,20,124,Fungi,41463,8293,3.92,2,A7,S7,D,D60A7,7876.2,65317406,7.82
A2,H21,S7,60,20,124,Fungi,16478,3296,3.52,3,A7,S7,D,D60A7,7876.2,25959987,7.41
A2,I12,S8,60,20,353,Fungi,34944,6989,3.84,1,A8,S8,D,D60A8,7003.9,48949965,7.69
A2,J12,S8,60,20,353,Fungi,41449,8290,3.92,2,A8,S8,D,D60A8,7003.9,58061985,7.76
A2,J21,S8,60,20,353,Fungi,29169,5834,3.77,3,A8,S8,D,D60A8,7003.9,40860509,7.61
A2,K12,S9,60,20,6023,Fungi,9113,1823,3.26,1,A9,S9,D,D60A9,8967.3,16347349,7.21
A2,L12,S9,60,20,6023,Fungi,10081,2016,3.3,2,A9,S9,D,D60A9,8967.3,18078033,7.26
A2,L21,S9,60,20,6023,Fungi,8831,1766,3.25,3,A9,S9,D,D60A9,8967.3,15836214,7.2
A1,C17,S1,60,12,3865,Fungi,43411,8682,3.94,1,B1,S1,D,D60B1,22670.4,196824153,8.29
A1,C18,S1,60,12,3865,Fungi,42777,8555,3.93,2,B1,S1,D,D60B1,22670.4,193945016,8.29
A1,D17,S1,60,12,3865,Fungi,42941,8588,3.93,3,B1,S1,D,D60B1,22670.4,194693138,8.29
A1,D18,S1,60,12,3865,Fungi,42688,8538,3.93,4,B1,S1,D,D60B1,22670.4,193559619,8.29
B2,M12,S10,60,12,1881,Fungi,29293,5859,3.77,1,B10,S10,D,D60B10,16661,97616791,7.99
B2,N12,S10,60,12,1881,Fungi,25054,5011,3.7,2,B10,S10,D,D60B10,16661,83488264,7.92
B2,N21,S10,60,12,1881,Fungi,38581,7716,3.89,3,B10,S10,D,D60B10,16661,128556265,8.11
B2,O12,S11,60,12,2259,Fungi,76702,15340,4.19,1,B11,S11,D,D60B11,15832.7,242874354,8.39
B2,P12,S11,60,12,2259,Fungi,77590,15518,4.19,2,B11,S11,D,D60B11,15832.7,245692583,8.39
B2,P21,S11,60,12,2259,Fungi,124883,24977,4.4,3,B11,S11,D,D60B11,15832.7,395454546,8.6
B2,A13,S12,60,12,2407,Fungi,13838,2768,3.44,1,B12,S12,D,D60B12,19271.4,53343303,7.73
B2,A22,S12,60,12,2407,Fungi,17220,3444,3.54,2,B12,S12,D,D60B12,19271.4,66370787,7.82
B2,B13,S12,60,12,2407,Fungi,12596,2519,3.4,3,B12,S12,D,D60B12,19271.4,48544719,7.69
B2,C13,S13,60,12,2408,Fungi,38219,7644,3.88,1,B13,S13,D,D60B13,11331,86614230,7.94
B2,C22,S13,60,12,2408,Fungi,41354,8271,3.92,2,B13,S13,D,D60B13,11331,93718773,7.97
B2,D13,S13,60,12,2408,Fungi,29000,5800,3.76,3,B13,S13,D,D60B13,11331,65719850,7.82
B2,E13,S14,60,12,2411,Fungi,25412,5082,3.71,1,B14,S14,D,D60B14,11621.4,59060035,7.77
B2,E22,S14,60,12,2411,Fungi,29481,5896,3.77,2,B14,S14,D,D60B14,11621.4,68519868,7.84
B2,F13,S14,60,12,2411,Fungi,24794,4959,3.7,3,B14,S14,D,D60B14,11621.4,57630601,7.76
B2,G13,S15,60,12,2417,Fungi,50225,10045,4,1,B15,S15,D,D60B15,9436.4,94788842,7.98
B2,G22,S15,60,12,2417,Fungi,44298,8860,3.95,2,B15,S15,D,D60B15,9436.4,83606684,7.92
B2,H13,S15,60,12,2417,Fungi,39243,7849,3.89,3,B15,S15,D,D60B15,9436.4,74066463,7.87
B2,I13,S16,60,12,4254,Fungi,50473,10095,4,1,B16,S16,D,D60B16,22991.1,232095528,8.37
B2,I22,S16,60,12,4254,Fungi,58831,11766,4.07,2,B16,S16,D,D60B16,22991.1,270513718,8.43
B2,J13,S16,60,12,4254,Fungi,51995,10399,4.02,3,B16,S16,D,D60B16,22991.1,239084834,8.38
B2,K13,S17,60,12,2665,Fungi,24921,4984,3.7,1,B17,S17,D,D60B17,29656.2,147806470,8.17
B2,K22,S17,60,12,2665,Fungi,32102,6420,3.81,2,B17,S17,D,D60B17,29656.2,190392765,8.28
B2,L13,S17,60,12,2665,Fungi,20589,4118,3.61,3,B17,S17,D,D60B17,29656.2,122124206,8.09
B2,M13,S18,60,12,6127,Fungi,11365,2273,3.36,1,B18,S18,D,D60B18,10857.7,24679453,7.39
B2,M22,S18,60,12,6127,Fungi,13485,2697,3.43,2,B18,S18,D,D60B18,10857.7,29283099,7.47
B2,N13,S18,60,12,6127,Fungi,8717,1743,3.24,3,B18,S18,D,D60B18,10857.7,18924895,7.28
B2,O13,S19,60,12,6135,Fungi,10754,2151,3.33,1,B19,S19,D,D60B19,13618.9,29294283,7.47
B2,O22,S19,60,12,6135,Fungi,13295,2659,3.42,2,B19,S19,D,D60B19,13618.9,36212691,7.56
B2,P13,S19,60,12,6135,Fungi,7853,1571,3.2,3,B19,S19,D,D60B19,13618.9,21395313,7.33
A1,E17,S2,60,12,4779,Fungi,19431,3886,3.59,1,B2,S2,D,D60B2,15490,60194232,7.78
A1,E18,S2,60,12,4779,Fungi,20898,4180,3.62,2,B2,S2,D,D60B2,15490,64748299,7.81
A1,F17,S2,60,12,4779,Fungi,16554,3311,3.52,3,B2,S2,D,D60B2,15490,51287469,7.71
A1,F18,S2,60,12,4779,Fungi,16931,3386,3.53,4,B2,S2,D,D60B2,15490,52449221,7.72
B2,A14,S20,60,12,6177,Fungi,23229,4646,3.67,1,B20,S20,D,D60B20,19189.1,89152571,7.95
B2,B14,S20,60,12,6177,Fungi,20124,4025,3.6,2,B20,S20,D,D60B20,19189.1,77236138,7.89
B2,B22,S20,60,12,6177,Fungi,29788,5958,3.78,3,B20,S20,D,D60B20,19189.1,114328673,8.06
A1,G17,S3,60,12,2318,Fungi,44595,8919,3.95,1,B3,S3,D,D60B3,15709.1,140109643,8.15
A1,G18,S3,60,12,2318,Fungi,41805,8361,3.92,2,B3,S3,D,D60B3,15709.1,131343954,8.12
A1,H17,S3,60,12,2318,Fungi,38747,7749,3.89,3,B3,S3,D,D60B3,15709.1,121729973,8.09
A1,H18,S3,60,12,2318,Fungi,40997,8199,3.91,4,B3,S3,D,D60B3,15709.1,128799077,8.11
A1,I17,S4,60,12,3919,Fungi,49488,9898,4,1,B4,S4,D,D60B4,35168.3,348096017,8.54
A1,I18,S4,60,12,3919,Fungi,46014,9203,3.96,2,B4,S4,D,D60B4,35168.3,323654036,8.51
A1,J17,S4,60,12,3919,Fungi,44022,8804,3.94,3,B4,S4,D,D60B4,35168.3,309621876,8.49
A1,J18,S4,60,12,3919,Fungi,42834,8567,3.93,4,B4,S4,D,D60B4,35168.3,301286985,8.48
A1,L17,S5,60,12,2512,Fungi,41919,8384,3.92,1,B5,S5,D,D60B5,27965.8,234465224,8.37
A1,L18,S5,60,12,2512,Fungi,43943,8789,3.94,2,B5,S5,D,D60B5,27965.8,245791371,8.39
A1,K17,S5,60,12,2512,Fungi,49131,9826,3.99,3,B5,S5,D,D60B5,27965.8,274791900,8.44
A1,K18,S5,60,12,2512,Fungi,46626,9325,3.97,4,B5,S5,D,D60B5,27965.8,260781037,8.42
B2,E12,S6,60,12,116,Fungi,35758,7152,3.85,1,B6,S6,D,D60B6,26679.6,190812414,8.28
B2,F12,S6,60,12,116,Fungi,33191,6638,3.82,2,B6,S6,D,D60B6,26679.6,177099106,8.25
B2,F21,S6,60,12,116,Fungi,36490,7298,3.86,3,B6,S6,D,D60B6,26679.6,194707634,8.29
B2,G12,S7,60,12,124,Fungi,21184,4237,3.63,1,B7,S7,D,D60B7,10415.2,44129227,7.64
B2,H12,S7,60,12,124,Fungi,15439,3088,3.49,2,B7,S7,D,D60B7,10415.2,32162156,7.51
B2,H21,S7,60,12,124,Fungi,18628,3726,3.57,3,B7,S7,D,D60B7,10415.2,38807057,7.59
B2,I12,S8,60,12,353,Fungi,55194,11039,4.04,1,B8,S8,D,D60B8,8021.5,88548936,7.95
B2,J12,S8,60,12,353,Fungi,48204,9641,3.98,2,B8,S8,D,D60B8,8021.5,77334930,7.89
B2,J21,S8,60,12,353,Fungi,61035,12207,4.09,3,B8,S8,D,D60B8,8021.5,97918005,7.99
B2,K12,S9,60,12,6023,Fungi,10097,2019,3.31,1,B9,S9,D,D60B9,11079.7,22369866,7.35
B2,L12,S9,60,12,6023,Fungi,7953,1591,3.2,2,B9,S9,D,D60B9,11079.7,17627765,7.25
B2,L21,S9,60,12,6023,Fungi,13201,2640,3.42,3,B9,S9,D,D60B9,11079.7,29250345,7.47
A1,I05,S1,7,20,3865,Fungi,30994,6199,3.79,1,A1,S1,D,D7A1,31327.2,194197231,8.29
A1,I06,S1,7,20,3865,Fungi,31458,6292,3.8,2,A1,S1,D,D7A1,31327.2,197110659,8.29
A1,J05,S1,7,20,3865,Fungi,28351,5670,3.75,3,A1,S1,D,D7A1,31327.2,177625149,8.25
A1,J06,S1,7,20,3865,Fungi,28366,5673,3.75,4,A1,S1,D,D7A1,31327.2,177719130,8.25
A2,E05,S10,7,20,1881,Fungi,17586,3517,3.55,1,A10,S10,D,D7A10,17419.6,61264579,7.79
A2,E18,S10,7,20,1881,Fungi,26397,5279,3.72,2,A10,S10,D,D7A10,17419.6,91957836,7.96
A2,F05,S10,7,20,1881,Fungi,23292,4658,3.67,3,A10,S10,D,D7A10,17419.6,81140292,7.91
A2,G05,S11,7,20,2259,Fungi,25965,5193,3.72,1,A11,S11,D,D7A11,14655.7,76107230,7.88
A2,G18,S11,7,20,2259,Fungi,27304,5461,3.74,2,A11,S11,D,D7A11,14655.7,80034967,7.9
A2,H05,S11,7,20,2259,Fungi,27885,5577,3.75,3,A11,S11,D,D7A11,14655.7,81735033,7.91
A2,I05,S12,7,20,2407,Fungi,12028,2406,3.38,1,A12,S12,D,D7A12,19279.2,46385868,7.67
A2,I18,S12,7,20,2407,Fungi,11194,2239,3.35,2,A12,S12,D,D7A12,19279.2,43166234,7.64
A2,J05,S12,7,20,2407,Fungi,12218,2444,3.39,3,A12,S12,D,D7A12,19279.2,47118480,7.67
A2,K05,S13,7,20,2408,Fungi,9458,1892,3.28,1,A13,S13,D,D7A13,10372.7,19625213,7.29
A2,K18,S13,7,20,2408,Fungi,13878,2776,3.44,2,A13,S13,D,D7A13,10372.7,28794710,7.46
A2,L05,S13,7,20,2408,Fungi,9915,1983,3.3,3,A13,S13,D,D7A13,10372.7,20569132,7.31
A2,M05,S14,7,20,2411,Fungi,4776,955,2.98,1,A14,S14,D,D7A14,9515,9086836,6.96
A2,M18,S14,7,20,2411,Fungi,8088,1618,3.21,2,A14,S14,D,D7A14,9515,15395288,7.19
A2,N05,S14,7,20,2411,Fungi,5936,1187,3.07,3,A14,S14,D,D7A14,9515,11294318,7.05
A2,O05,S15,7,20,2417,Fungi,9901,1980,3.3,1,A15,S15,D,D7A15,7195,14246120,7.15
A2,O18,S15,7,20,2417,Fungi,13627,2725,3.44,2,A15,S15,D,D7A15,7195,19606403,7.29
A2,P05,S15,7,20,2417,Fungi,25820,5164,3.71,3,A15,S15,D,D7A15,7195,37155033,7.57
A2,A06,S16,7,20,4254,Fungi,28756,5751,3.76,1,A16,S16,D,D7A16,25997.6,149512253,8.17
A2,B06,S16,7,20,4254,Fungi,24066,4813,3.68,2,A16,S16,D,D7A16,25997.6,125126495,8.1
A2,B18,S16,7,20,4254,Fungi,27246,5449,3.74,3,A16,S16,D,D7A16,25997.6,141660975,8.15
A2,C06,S17,7,20,2665,Fungi,24035,4807,3.68,1,A17,S17,D,D7A17,27411.1,131765188,8.12
A2,D06,S17,7,20,2665,Fungi,33242,6648,3.82,2,A17,S17,D,D7A17,27411.1,182229035,8.26
A2,D18,S17,7,20,2665,Fungi,33668,6734,3.83,3,A17,S17,D,D7A17,27411.1,184586390,8.27
A2,E06,S18,7,20,6127,Fungi,28401,5680,3.75,1,A18,S18,D,D7A18,12710.1,72193266,7.86
A2,F06,S18,7,20,6127,Fungi,22069,4414,3.64,2,A18,S18,D,D7A18,12710.1,56102302,7.75
A2,F18,S18,7,20,6127,Fungi,24262,4852,3.69,3,A18,S18,D,D7A18,12710.1,61669318,7.79
A2,G06,S19,7,20,6135,Fungi,16004,3201,3.51,1,A19,S19,D,D7A19,13911.1,44529578,7.65
A2,H06,S19,7,20,6135,Fungi,17447,3489,3.54,2,A19,S19,D,D7A19,13911.1,48535988,7.69
A2,H18,S19,7,20,6135,Fungi,12227,2445,3.39,3,A19,S19,D,D7A19,13911.1,34012752,7.53
A1,K05,S2,7,20,4779,Fungi,11910,2382,3.38,1,A2,S2,D,D7A2,23512.8,56007478,7.75
A1,K06,S2,7,20,4779,Fungi,12792,2558,3.41,2,A2,S2,D,D7A2,23512.8,60145729,7.78
A1,L05,S2,7,20,4779,Fungi,11345,2269,3.36,3,A2,S2,D,D7A2,23512.8,53350532,7.73
A1,L06,S2,7,20,4779,Fungi,12051,2410,3.38,4,A2,S2,D,D7A2,23512.8,56665836,7.75
A2,I06,S20,7,20,6177,Fungi,49727,9945,4,1,A20,S20,D,D7A20,17359.9,172644689,8.24
A2,J06,S20,7,20,6177,Fungi,52472,10494,4.02,2,A20,S20,D,D7A20,17359.9,182175301,8.26
A2,J18,S20,7,20,6177,Fungi,32855,6571,3.82,3,A20,S20,D,D7A20,17359.9,114072222,8.06
A1,M05,S3,7,20,2318,Fungi,27750,5550,3.74,1,A3,S3,D,D7A3,23012.2,127717945,8.11
A1,M06,S3,7,20,2318,Fungi,27442,5488,3.74,2,A3,S3,D,D7A3,23012.2,126291186,8.1
A1,N05,S3,7,20,2318,Fungi,27202,5440,3.74,3,A3,S3,D,D7A3,23012.2,125186599,8.1
A1,N06,S3,7,20,2318,Fungi,27183,5437,3.74,4,A3,S3,D,D7A3,23012.2,125117562,8.1
A1,O05,S4,7,20,3919,Fungi,42814,8563,3.93,1,A4,S4,D,D7A4,34164.3,292548870,8.47
A1,O06,S4,7,20,3919,Fungi,44963,8993,3.95,2,A4,S4,D,D7A4,34164.3,307239518,8.49
A1,P05,S4,7,20,3919,Fungi,36574,7315,3.86,3,A4,S4,D,D7A4,34164.3,249911828,8.4
A1,P06,S4,7,20,3919,Fungi,41030,8206,3.91,4,A4,S4,D,D7A4,34164.3,280352217,8.45
A1,A07,S5,7,20,2512,Fungi,36853,7371,3.87,1,A5,S5,D,D7A5,40565.2,299006089,8.48
A1,A08,S5,7,20,2512,Fungi,38651,7730,3.89,2,A5,S5,D,D7A5,40565.2,313568996,8.5
A1,B07,S5,7,20,2512,Fungi,32563,6513,3.81,3,A5,S5,D,D7A5,40565.2,264201148,8.42
A1,B08,S5,7,20,2512,Fungi,33499,6700,3.83,4,A5,S5,D,D7A5,40565.2,271786840,8.43
A2,M04,S6,7,20,116,Fungi,35064,7013,3.85,1,A6,S6,D,D7A6,25217.1,176847805,8.25
A2,N04,S6,7,20,116,Fungi,47304,9461,3.98,2,A6,S6,D,D7A6,25217.1,238579365,8.38
A2,N17,S6,7,20,116,Fungi,41322,8264,3.92,3,A6,S6,D,D7A6,25217.1,208394448,8.32
A2,O04,S7,7,20,124,Fungi,25125,5025,3.7,1,A7,S7,D,D7A7,9280.5,46634373,7.67
A2,P04,S7,7,20,124,Fungi,26339,5268,3.72,2,A7,S7,D,D7A7,9280.5,48889527,7.69
A2,P17,S7,7,20,124,Fungi,47602,9520,3.98,3,A7,S7,D,D7A7,9280.5,88350095,7.95
A2,A05,S8,7,20,353,Fungi,56200,11240,4.05,1,A8,S8,D,D7A8,7692.5,86464141,7.94
A2,A18,S8,7,20,353,Fungi,59875,11975,4.08,2,A8,S8,D,D7A8,7692.5,92118157,7.96
A2,B05,S8,7,20,353,Fungi,51824,10365,4.02,3,A8,S8,D,D7A8,7692.5,79733169,7.9
A2,C05,S9,7,20,6023,Fungi,13978,2796,3.45,1,A9,S9,D,D7A9,9063.7,25342048,7.4
A2,C18,S9,7,20,6023,Fungi,16569,3314,3.52,2,A9,S9,D,D7A9,9063.7,30037034,7.48
A2,D05,S9,7,20,6023,Fungi,24490,4898,3.69,3,A9,S9,D,D7A9,9063.7,44393902,7.65
A1,C07,S1,7,12,3865,Fungi,32994,6599,3.82,1,B1,S1,D,D7B1,29285.5,193254972,8.29
A1,C08,S1,7,12,3865,Fungi,28609,5722,3.76,2,B1,S1,D,D7B1,29285.5,167571594,8.22
A1,D07,S1,7,12,3865,Fungi,29205,5841,3.77,3,B1,S1,D,D7B1,29285.5,171056567,8.23
A1,D08,S1,7,12,3865,Fungi,28502,5700,3.76,4,B1,S1,D,D7B1,29285.5,166927313,8.22
B2,E05,S10,7,12,1881,Fungi,15318,3064,3.49,1,B10,S10,D,D7B10,14446,44262651,7.65
B2,E18,S10,7,12,1881,Fungi,16790,3358,3.53,2,B10,S10,D,D7B10,14446,48509785,7.69
B2,F05,S10,7,12,1881,Fungi,15420,3084,3.49,3,B10,S10,D,D7B10,14446,44551572,7.65
B2,G05,S11,7,12,2259,Fungi,6113,1223,3.09,1,B11,S11,D,D7B11,15576,19049459,7.28
B2,G18,S11,7,12,2259,Fungi,6489,1298,3.11,2,B11,S11,D,D7B11,15576,20217660,7.31
B2,H05,S11,7,12,2259,Fungi,5274,1055,3.02,3,B11,S11,D,D7B11,15576,16432689,7.22
B2,I05,S12,7,12,2407,Fungi,8420,1684,3.23,1,B12,S12,D,D7B12,15212.7,25618153,7.41
B2,I18,S12,7,12,2407,Fungi,9148,1830,3.26,2,B12,S12,D,D7B12,15212.7,27839205,7.44
B2,J05,S12,7,12,2407,Fungi,8000,1600,3.2,3,B12,S12,D,D7B12,15212.7,24340288,7.39
B2,K05,S13,7,12,2408,Fungi,9373,1875,3.27,1,B13,S13,D,D7B13,9147.2,17150992,7.23
B2,K18,S13,7,12,2408,Fungi,9320,1864,3.27,2,B13,S13,D,D7B13,9147.2,17050373,7.23
B2,L05,S13,7,12,2408,Fungi,8326,1665,3.22,3,B13,S13,D,D7B13,9147.2,15230081,7.18
B2,M05,S14,7,12,2411,Fungi,6460,1292,3.11,1,B14,S14,D,D7B14,8907.5,11508472,7.06
B2,M18,S14,7,12,2411,Fungi,7011,1402,3.15,2,B14,S14,D,D7B14,8907.5,12488295,7.1
B2,N05,S14,7,12,2411,Fungi,6857,1371,3.14,3,B14,S14,D,D7B14,8907.5,12212163,7.09
B2,O05,S15,7,12,2417,Fungi,12618,2524,3.4,1,B15,S15,D,D7B15,6656,16799768,7.23
B2,O18,S15,7,12,2417,Fungi,13546,2709,3.43,2,B15,S15,D,D7B15,6656,18031129,7.26
B2,P05,S15,7,12,2417,Fungi,13350,2670,3.43,3,B15,S15,D,D7B15,6656,17771545,7.25
B2,A06,S16,7,12,4254,Fungi,23689,4738,3.68,1,B16,S16,D,D7B16,20775.3,98433301,7.99
B2,B06,S16,7,12,4254,Fungi,24912,4982,3.7,2,B16,S16,D,D7B16,20775.3,103502471,8.01
B2,B18,S16,7,12,4254,Fungi,22239,4448,3.65,3,B16,S16,D,D7B16,20775.3,92408469,7.97
B2,C06,S17,7,12,2665,Fungi,18884,3777,3.58,1,B17,S17,D,D7B17,27509,103901325,8.02
B2,D06,S17,7,12,2665,Fungi,19145,3829,3.58,2,B17,S17,D,D7B17,27509,105331791,8.02
B2,D18,S17,7,12,2665,Fungi,12996,2599,3.41,3,B17,S17,D,D7B17,27509,71495776,7.85
B2,E06,S18,7,12,6127,Fungi,22892,4578,3.66,1,B18,S18,D,D7B18,9340.4,42760341,7.63
B2,F06,S18,7,12,6127,Fungi,21866,4373,3.64,2,B18,S18,D,D7B18,9340.4,40845560,7.61
B2,F18,S18,7,12,6127,Fungi,20082,4016,3.6,3,B18,S18,D,D7B18,9340.4,37511038,7.57
B2,G06,S19,7,12,6135,Fungi,15828,3166,3.5,1,B19,S19,D,D7B19,10977.4,34754315,7.54
B2,H06,S19,7,12,6135,Fungi,15284,3057,3.49,2,B19,S19,D,D7B19,10977.4,33557783,7.53
B2,H18,S19,7,12,6135,Fungi,13080,2616,3.42,3,B19,S19,D,D7B19,10977.4,28716769,7.46
A1,F07,S2,7,12,4779,Fungi,10629,2126,3.33,1,B2,S2,D,D7B2,24317.6,51699264,7.71
A1,F08,S2,7,12,4779,Fungi,11361,2272,3.36,2,B2,S2,D,D7B2,24317.6,55249637,7.74
A1,E07,S2,7,12,4779,Fungi,12337,2467,3.39,3,B2,S2,D,D7B2,24317.6,59991573,7.78
A1,E08,S2,7,12,4779,Fungi,12054,2411,3.38,4,B2,S2,D,D7B2,24317.6,58629786,7.77
B2,I06,S20,7,12,6177,Fungi,20903,4181,3.62,1,B20,S20,D,D7B20,16301.7,68157389,7.83
B2,J06,S20,7,12,6177,Fungi,22189,4438,3.65,2,B20,S20,D,D7B20,16301.7,72346925,7.86
B2,J18,S20,7,12,6177,Fungi,9,2,0.27,3,B20,S20,D,D7B20,16301.7,32603,7.85
A1,G07,S3,7,12,2318,Fungi,24870,4974,3.7,1,B3,S3,D,D7B3,21058,104742689,8.02
A1,G08,S3,7,12,2318,Fungi,21720,4344,3.64,2,B3,S3,D,D7B3,21058,91476124,7.96
A1,H07,S3,7,12,2318,Fungi,24242,4848,3.69,3,B3,S3,D,D7B3,21058,102089376,8.01
A1,H08,S3,7,12,2318,Fungi,21707,4341,3.64,4,B3,S3,D,D7B3,21058,91412950,7.96
A1,I07,S4,7,12,3919,Fungi,51217,10243,4.01,1,B4,S4,D,D7B4,35440.2,363013638,8.56
A1,I08,S4,7,12,3919,Fungi,49602,9920,4,2,B4,S4,D,D7B4,35440.2,351566464,8.55
A1,J07,S4,7,12,3919,Fungi,48332,9666,3.99,3,B4,S4,D,D7B4,35440.2,342564661,8.53
A1,J08,S4,7,12,3919,Fungi,45494,9099,3.96,4,B4,S4,D,D7B4,35440.2,322470086,8.51
A1,K07,S5,7,12,2512,Fungi,52506,10501,4.02,1,B5,S5,D,D7B5,39967,419693320,8.62
A1,K08,S5,7,12,2512,Fungi,52687,10537,4.02,2,B5,S5,D,D7B5,39967,421132132,8.62
A1,L07,S5,7,12,2512,Fungi,49164,9833,3.99,3,B5,S5,D,D7B5,39967,392995374,8.59
A1,L08,S5,7,12,2512,Fungi,48313,9663,3.99,4,B5,S5,D,D7B5,39967,386200986,8.59
B2,M04,S6,7,12,116,Fungi,33031,6606,3.82,1,B6,S6,D,D7B6,20839.5,137665880,8.14
B2,N04,S6,7,12,116,Fungi,32254,6451,3.81,2,B6,S6,D,D7B6,20839.5,134435754,8.13
B2,N17,S6,7,12,116,Fungi,30282,6056,3.78,3,B6,S6,D,D7B6,20839.5,126204143,8.1
B2,O04,S7,7,12,124,Fungi,24826,4965,3.7,1,B7,S7,D,D7B7,8634.1,42868159,7.63
B2,P04,S7,7,12,124,Fungi,25618,5124,3.71,2,B7,S7,D,D7B7,8634.1,44240976,7.65
B2,P17,S7,7,12,124,Fungi,27237,5447,3.74,3,B7,S7,D,D7B7,8634.1,47029781,7.67
B2,A05,S8,7,12,353,Fungi,23772,4754,3.68,1,B8,S8,D,D7B8,8406.4,39964232,7.6
B2,A18,S8,7,12,353,Fungi,25692,5138,3.71,2,B8,S8,D,D7B8,8406.4,43192307,7.64
B2,B05,S8,7,12,353,Fungi,22595,4519,3.66,3,B8,S8,D,D7B8,8406.4,37988718,7.58
B2,C05,S9,7,12,6023,Fungi,9478,1896,3.28,1,B9,S9,D,D7B9,7308.7,13857278,7.14
B2,C18,S9,7,12,6023,Fungi,9270,1854,3.27,2,B9,S9,D,D7B9,7308.7,13550313,7.13
B2,D05,S9,7,12,6023,Fungi,9832,1966,3.29,3,B9,S9,D,D7B9,7308.7,14368887,7.16
