sample-id	barcode-sequence	barcode-id	Temperature	SL_id	Day	Site	PointID	Code	Silt_p	Sand_p	Clay_p	TOC_g_per_kg
#q2:types	categorical	categorical	categorical	categorical	categorical	categorical	categorical	categorical	numeric	numeric	numeric	numeric
D1A6	AACCCAGATGAT	HB1	20	A1	1	S6	116	1_6A	30.2	48.5	21.3	14.75
D1A7	AACCCGTCGTCA	HB2	20	A2	1	S7	124	1_7A	44.8	40.9	14.3	10.78
D1A8	AACCCTAACTGG	HB3	20	A3	1	S8	353	1_8A	33.1	41.7	25.2	13.17
D1A9	AACGAGGCAACG	HB4	20	A4	1	S9	6023	1_9A	80.1	10.4	9.5	16.72
D1A10	AACGGCTGGAAG	HB5	20	A5	1	S10	1881	1_10A	70.4	19.1	10.5	19.82
D1A11	AACTCAATAGCG	HB6	20	A6	1	S11	2259	1_11A	43.1	40.8	16.1	10.22
D1A12	AACTTCACTTCC	HB7	20	A7	1	S12	2407	1_12A	76.7	9.4	13.9	13.7
D1A13	AACTTGGCCGTA	HB8	20	A8	1	S13	2408	1_13A	79.4	6.3	14.3	13.17
D1A14	AACTTTCAGGAG	HB9	20	A9	1	S14	2411	1_14A	43.6	43.2	13.2	11
D1A15	AAGACGTAGCGG	HB10	20	A10	1	S15	2417	1_15A	55.6	22.8	21.6	10.22
D1A16	AAGGAGTGCGCA	HB11	20	A11	1	S16	4254	1_16A	52.9	34.7	12.4	16.94
D1A17	AAGGCGCTCCTT	HB12	20	A12	1	S17	2665	1_17A	44.9	43.9	11.2	17.45
D1A18	AAGGGCGCTGAA	HB13	20	A13	1	S18	6127	1_18A	62.1	22.9	15	11.24
D1A19	AAGGGTTAGTCT	HB14	20	A14	1	S19	6135	1_19A	58	33.5	8.5	18.41
D1A20	AAGTCGACACAT	HB15	20	A15	1	S20	6177	1_20A	58	21	21	15.12
D3A6	AATAGTCGTGAC	HB16	20	A16	3	S6	116	3_6A	30.2	48.5	21.3	14.75
D3A7	AATATCGGGATC	HB17	20	A17	3	S7	124	3_7A	44.8	40.9	14.3	10.78
D3A8	AATGGACCGTTC	HB18	20	A18	3	S8	353	3_8A	33.1	41.7	25.2	13.17
D3A9	AATGGTTCAGCA	HB19	20	A19	3	S9	6023	3_9A	80.1	10.4	9.5	16.72
D3A10	AATTCACCTCCT	HB20	20	A20	3	S10	1881	3_10A	70.4	19.1	10.5	19.82
D3A11	AATTCCGAACGC	HB21	20	A21	3	S11	2259	3_11A	43.1	40.8	16.1	10.22
D3A12	ACAAACATGGTC	HB22	20	A22	3	S12	2407	3_12A	76.7	9.4	13.9	13.7
D3A13	ACAAGGCAAGGC	HB23	20	A23	3	S13	2408	3_13A	79.4	6.3	14.3	13.17
D3A14	ACAAGTGCTGCT	HB24	20	A24	3	S14	2411	3_14A	43.6	43.2	13.2	11
D3A15	ACAATAGACACC	HB25	20	A25	3	S15	2417	3_15A	55.6	22.8	21.6	10.22
D3A16	ACACGCGGTTTA	HB26	20	A26	3	S16	4254	3_16A	52.9	34.7	12.4	16.94
D3A17	ACACGTTTGGGT	HB27	20	A27	3	S17	2665	3_17A	44.9	43.9	11.2	17.45
D3A18	ACAGCATAGCTC	HB28	20	A28	3	S18	6127	3_18A	62.1	22.9	15	11.24
D3A19	ACAGCCACCCAT	HB29	20	A29	3	S19	6135	3_19A	58	33.5	8.5	18.41
D3A20	ACAGCTCAAACA	HB30	20	A30	3	S20	6177	3_20A	58	21	21	15.12
D7A6	ACATCGTTGACG	HB31	20	A31	7	S6	116	7_6A	30.2	48.5	21.3	14.75
D7A7	ACATTGAAGCGT	HB32	20	A32	7	S7	124	7_7A	44.8	40.9	14.3	10.78
D7A8	ACCAGAAATGTC	HB33	20	A33	7	S8	353	7_8A	33.1	41.7	25.2	13.17
D7A9	ACCAGCTCAGAT	HB34	20	A34	7	S9	6023	7_9A	80.1	10.4	9.5	16.72
D7A10	ACCATGTAGAAC	HB35	20	A35	7	S10	1881	7_10A	70.4	19.1	10.5	19.82
D7A11	ACCGGAGTAGGA	HB36	20	A36	7	S11	2259	7_11A	43.1	40.8	16.1	10.22
D7A12	ACCTGTCCTTTC	HB37	20	A37	7	S12	2407	7_12A	76.7	9.4	13.9	13.7
D7A13	ACGAAAGAGCAG	HB38	20	A38	7	S13	2408	7_13A	79.4	6.3	14.3	13.17
D7A14	ACGAAGTCTACC	HB39	20	A39	7	S14	2411	7_14A	43.6	43.2	13.2	11
D7A15	ACGAGACTGATT	HB40	20	A40	7	S15	2417	7_15A	55.6	22.8	21.6	10.22
D7A16	ACGATATGGTCA	HB41	20	A41	7	S16	4254	7_16A	52.9	34.7	12.4	16.94
D7A17	ACGATCATCTGG	HB42	20	A42	7	S17	2665	7_17A	44.9	43.9	11.2	17.45
D7A18	ACGATTCGAGTC	HB43	20	A43	7	S18	6127	7_18A	62.1	22.9	15	11.24
D7A19	ACGCACATACAA	HB44	20	A44	7	S19	6135	7_19A	58	33.5	8.5	18.41
D7A20	ACGCATCGCACT	HB45	20	A45	7	S20	6177	7_20A	58	21	21	15.12
D14A6	ACGCCTTTCTTA	HB46	20	A46	14	S6	116	14_6A	30.2	48.5	21.3	14.75
D14A7	ACGCTAGATTGA	HB47	20	A47	14	S7	124	14_7A	44.8	40.9	14.3	10.78
D14A8	ACGGGATACAGG	HB48	20	A48	14	S8	353	14_8A	33.1	41.7	25.2	13.17
D14A9	ACGGGTCATCAT	HB49	20	A49	14	S9	6023	14_9A	80.1	10.4	9.5	16.72
D14A10	ACGGTTTCTGGA	HB50	20	A50	14	S10	1881	14_10A	70.4	19.1	10.5	19.82
D14A11	ACGTCCACTGTG	HB51	20	A51	14	S11	2259	14_11A	43.1	40.8	16.1	10.22
D14A12	ACGTGAGGAACG	HB52	20	A52	14	S12	2407	14_12A	76.7	9.4	13.9	13.7
D14A13	ACGTGCCTTAGA	HB53	20	A53	14	S13	2408	14_13A	79.4	6.3	14.3	13.17
D14A14	ACGTTTGTGGCA	HB54	20	A54	14	S14	2411	14_14A	43.6	43.2	13.2	11
D14A15	ACTACTGAGGAT	HB55	20	A55	14	S15	2417	14_15A	55.6	22.8	21.6	10.22
D14A16	ACTATGGGCTAA	HB56	20	A56	14	S16	4254	14_16A	52.9	34.7	12.4	16.94
D14A17	ACTCATCTTCCA	HB57	20	A57	14	S17	2665	14_17A	44.9	43.9	11.2	17.45
D14A18	ACTGACTTAAGG	HB58	20	A58	14	S18	6127	14_18A	62.1	22.9	15	11.24
D14A19	ACTGAGCTGCAT	HB59	20	A59	14	S19	6135	14_19A	58	33.5	8.5	18.41
D14A20	ACTGCCCGATAC	HB60	20	A60	14	S20	6177	14_20A	58	21	21	15.12
D21A6	ACTGGATCTCGC	HB61	20	A61	21	S6	116	21_6A	30.2	48.5	21.3	14.75
D21A7	ACTGGCAAACCT	HB62	20	A62	21	S7	124	21_7A	44.8	40.9	14.3	10.78
D21A8	ACTGTACATGAG	HB63	20	A63	21	S8	353	21_8A	33.1	41.7	25.2	13.17
D21A9	ACTTTAAGGGTG	HB64	20	A64	21	S9	6023	21_9A	80.1	10.4	9.5	16.72
D21A10	ACTTTGCTTTGC	HB65	20	A65	21	S10	1881	21_10A	70.4	19.1	10.5	19.82
D21A11	AGAAACAGCTCT	HB66	20	A66	21	S11	2259	21_11A	43.1	40.8	16.1	10.22
D21A12	AGAAAGGGTGTG	HB67	20	A67	21	S12	2407	21_12A	76.7	9.4	13.9	13.7
D21A13	AGAATAGCGCTT	HB68	20	A68	21	S13	2408	21_13A	79.4	6.3	14.3	13.17
D21A14	AGACACCAATGT	HB69	20	A69	21	S14	2411	21_14A	43.6	43.2	13.2	11
D21A15	AGACAGTAGGAG	HB70	20	A70	21	S15	2417	21_15A	55.6	22.8	21.6	10.22
D21A16	AGACATACCGTA	HB71	20	A71	21	S16	4254	21_16A	52.9	34.7	12.4	16.94
D21A17	AGACGTTGCTAC	HB72	20	A72	21	S17	2665	21_17A	44.9	43.9	11.2	17.45
D21A18	AGAGGGTGATCG	HB73	20	A73	21	S18	6127	21_18A	62.1	22.9	15	11.24
D21A19	AGAGTAAGCCGG	HB74	20	A74	21	S19	6135	21_19A	58	33.5	8.5	18.41
D21A20	AGAGTGCTAATC	HB75	20	A75	21	S20	6177	21_20A	58	21	21	15.12
D28A6	AGATGATCAGTC	HB76	20	A76	28	S6	116	28_6A	30.2	48.5	21.3	14.75
D28A7	AGATGGGACTGG	HB77	20	A77	28	S7	124	28_7A	44.8	40.9	14.3	10.78
D28A8	AGCAAGGTCTTC	HB78	20	A78	28	S8	353	28_8A	33.1	41.7	25.2	13.17
D28A9	AGCACCGGTCTT	HB79	20	A79	28	S9	6023	28_9A	80.1	10.4	9.5	16.72
D28A10	AGCCCTGCTACA	HB80	20	A80	28	S10	1881	28_10A	70.4	19.1	10.5	19.82
D28A11	AGCGCATATCCA	HB81	20	A81	28	S11	2259	28_11A	43.1	40.8	16.1	10.22
D28A12	AGCTCTAGAAAC	HB82	20	A82	28	S12	2407	28_12A	76.7	9.4	13.9	13.7
D28A13	AGCTTCGACAGT	HB83	20	A83	28	S13	2408	28_13A	79.4	6.3	14.3	13.17
D28A14	AGCTTGAATCAG	HB84	20	A84	28	S14	2411	28_14A	43.6	43.2	13.2	11
D28A15	AGGCACAGTAGG	HB85	20	A85	28	S15	2417	28_15A	55.6	22.8	21.6	10.22
D28A16	AGGCATCTGCTC	HB86	20	A86	28	S16	4254	28_16A	52.9	34.7	12.4	16.94
D28A17	AGGCTCCATGTA	HB87	20	A87	28	S17	2665	28_17A	44.9	43.9	11.2	17.45
D28A18	AGGCTTACGTGT	HB88	20	A88	28	S18	6127	28_18A	62.1	22.9	15	11.24
D28A19	AGGTCCAAATCA	HB89	20	A89	28	S19	6135	28_19A	58	33.5	8.5	18.41
D28A20	AGGTGTATCACC	HB90	20	A90	28	S20	6177	28_20A	58	21	21	15.12
D60A6	AGGTTCTTAGGC	HB91	20	A91	60	S6	116	60_6A	30.2	48.5	21.3	14.75
D60A7	AGGTTTGGCTTG	HB92	20	A92	60	S7	124	60_7A	44.8	40.9	14.3	10.78
D60A8	AGTAGACTTACG	HB93	20	A93	60	S8	353	60_8A	33.1	41.7	25.2	13.17
D60A9	AGTATTCGCGCA	HB94	20	A94	60	S9	6023	60_9A	80.1	10.4	9.5	16.72
D60A10	AGTCATCGAATG	HB95	20	A95	60	S10	1881	60_10A	70.4	19.1	10.5	19.82
D60A11	AGTCGCTACACA	HB96	20	A96	60	S11	2259	60_11A	43.1	40.8	16.1	10.22
D60A12	AGTCTAGAGTAC	HB97	20	A97	60	S12	2407	60_12A	76.7	9.4	13.9	13.7
D60A13	AGTGTTTCGGAC	HB98	20	A98	60	S13	2408	60_13A	79.4	6.3	14.3	13.17
D60A14	AGTTGAGGCATT	HB99	20	A99	60	S14	2411	60_14A	43.6	43.2	13.2	11
D60A15	AGTTGCCTGAAC	HB100	20	A100	60	S15	2417	60_15A	55.6	22.8	21.6	10.22
D60A16	AGTTGGTTACGA	HB101	20	A101	60	S16	4254	60_16A	52.9	34.7	12.4	16.94
D60A17	AGTTGTAGTCCG	HB102	20	A102	60	S17	2665	60_17A	44.9	43.9	11.2	17.45
D60A18	AGTTTCTGGTGG	HB103	20	A103	60	S18	6127	60_18A	62.1	22.9	15	11.24
D60A19	AGTTTGCGAGAT	HB104	20	A104	60	S19	6135	60_19A	58	33.5	8.5	18.41
D60A20	ATAAAGAGGAGG	HB105	20	A105	60	S20	6177	60_20A	58	21	21	15.12
D0AB6	ATAACGGTGTAC	HB106	C	A106	0	S6	116	0_AB6	30.2	48.5	21.3	14.75
D0AB7	ATAAGCCCAATG	HB107	C	A107	0	S7	124	0_AB7	44.8	40.9	14.3	10.78
D0AB8	ATAAGTAACCGC	HB108	C	A108	0	S8	353	0_AB8	33.1	41.7	25.2	13.17
D0AB9	ATAGCCGATGTC	HB109	C	A109	0	S9	6023	0_AB9	80.1	10.4	9.5	16.72
D0AB10	ATAGCGAACTCA	HB110	C	A110	0	S10	1881	0_AB10	70.4	19.1	10.5	19.82
D0AB11	ATAGCTTCGTGG	HB111	C	A111	0	S11	2259	0_AB11	43.1	40.8	16.1	10.22
D0AB12	ATATAAGGCCCA	HB112	C	A112	0	S12	2407	0_AB12	76.7	9.4	13.9	13.7
D0AB13	ATATACCTGCGG	HB113	C	A113	0	S13	2408	0_AB13	79.4	6.3	14.3	13.17
D0AB14	ATCACATTCTCC	HB114	C	A114	0	S14	2411	0_AB14	43.6	43.2	13.2	11
D0AB15	ATCACCAGGTGT	HB115	C	A115	0	S15	2417	0_AB15	55.6	22.8	21.6	10.22
D0AB16	ATCCATGAGCGT	HB116	C	A116	0	S16	4254	0_AB16	52.9	34.7	12.4	16.94
D0AB17	ATCCCAGCATGC	HB117	C	A117	0	S17	2665	0_AB17	44.9	43.9	11.2	17.45
D0AB18	ATCGAATCGAGT	HB118	C	A118	0	S18	6127	0_AB18	62.1	22.9	15	11.24
D0AB19	ATCGACAACACC	HB119	C	A119	0	S19	6135	0_AB19	58	33.5	8.5	18.41
D0AB20	ATCTTGGAGTCG	HB120	C	A120	0	S20	6177	0_AB20	58	21	21	15.12
D1B6	ATCTTTCCCTGA	HB121	12	B1	1	S6	116	1_6B	30.2	48.5	21.3	14.75
D1B7	ATGATCGGTACA	HB122	12	B2	1	S7	124	1_7B	44.8	40.9	14.3	10.78
D1B8	ATGCGCCCGTAT	HB123	12	B3	1	S8	353	1_8B	33.1	41.7	25.2	13.17
D1B9	ATGCTAACCACG	HB124	12	B4	1	S9	6023	1_9B	80.1	10.4	9.5	16.72
D1B10	ATGCTGCAACAC	HB125	12	B5	1	S10	1881	1_10B	70.4	19.1	10.5	19.82
D1B11	ATGCTTGCTCTT	HB126	12	B6	1	S11	2259	1_11B	43.1	40.8	16.1	10.22
D1B12	ATGGACCTAGCT	HB127	12	B7	1	S12	2407	1_12B	76.7	9.4	13.9	13.7
D1B13	ATGGCCTGACTA	HB128	12	B8	1	S13	2408	1_13B	79.4	6.3	14.3	13.17
D1B14	ATGGCTGTCAGT	HB129	12	B9	1	S14	2411	1_14B	43.6	43.2	13.2	11
D1B15	ATGGGACCTTCA	HB130	12	B10	1	S15	2417	1_15B	55.6	22.8	21.6	10.22
D1B16	ATGGGTTCCGTC	HB131	12	B11	1	S16	4254	1_16B	52.9	34.7	12.4	16.94
D1B17	ATGTACACCGGT	HB132	12	B12	1	S17	2665	1_17B	44.9	43.9	11.2	17.45
D1B18	ATGTAGGCTTAG	HB133	12	B13	1	S18	6127	1_18B	62.1	22.9	15	11.24
D1B19	ATGTTTAGACGG	HB134	12	B14	1	S19	6135	1_19B	58	33.5	8.5	18.41
D1B20	ATTCCTCTCCAC	HB135	12	B15	1	S20	6177	1_20B	58	21	21	15.12
D3B7	ATTCGAGCTGTG	HB136	12	B16	3	S7	124	3_7B	44.8	40.9	14.3	10.78
D3B8	ATTCGCCAAGAA	HB137	12	B17	3	S8	353	3_8B	33.1	41.7	25.2	13.17
D3B9	ATTTAGGACGAC	HB138	12	B18	3	S9	6023	3_9B	80.1	10.4	9.5	16.72
D3B10	CAACCACTCGGT	HB139	12	B19	3	S10	1881	3_10B	70.4	19.1	10.5	19.82
D3B11	CAACGTGCTCCA	HB140	12	B20	3	S11	2259	3_11B	43.1	40.8	16.1	10.22
D3B12	CAAGAAATTCGC	HB141	12	B21	3	S12	2407	3_12B	76.7	9.4	13.9	13.7
D3B13	CAAGACTGACCT	HB142	12	B22	3	S13	2408	3_13B	79.4	6.3	14.3	13.17
D3B14	CAAGAGCGGATG	HB143	12	B23	3	S14	2411	3_14B	43.6	43.2	13.2	11
D3B15	CAAGTCGAATAC	HB144	12	B24	3	S15	2417	3_15B	55.6	22.8	21.6	10.22
D3B16	CAAGTGAAGGGA	HB145	12	B25	3	S16	4254	3_16B	52.9	34.7	12.4	16.94
D3B17	CAATTCTGCTTC	HB146	12	B26	3	S17	2665	3_17B	44.9	43.9	11.2	17.45
D3B18	CACAAGTATCGA	HB147	12	B27	3	S18	6127	3_18B	62.1	22.9	15	11.24
D3B19	CACAATACACCG	HB148	12	B28	3	S19	6135	3_19B	58	33.5	8.5	18.41
D3B20	CACAGCGTCCTA	HB149	12	B29	3	S20	6177	3_20B	58	21	21	15.12
D3B6	CACATGGGTTTG	HB150	12	B30	3	S6	116	3_6B	30.2	48.5	21.3	14.75
D7B6	CACCCACGTTGA	HB151	12	B31	7	S6	116	7_6B	30.2	48.5	21.3	14.75
D7B7	CACGAGCTACTC	HB152	12	B32	7	S7	124	7_7B	44.8	40.9	14.3	10.78
D7B8	CACGATGGTCAT	HB153	12	B33	7	S8	353	7_8B	33.1	41.7	25.2	13.17
D7B9	CACGCAGTCTAC	HB154	12	B34	7	S9	6023	7_9B	80.1	10.4	9.5	16.72
D7B10	CACGCTATTGGA	HB155	12	B35	7	S10	1881	7_10B	70.4	19.1	10.5	19.82
D7B11	CACTAACAAACG	HB156	12	B36	7	S11	2259	7_11B	43.1	40.8	16.1	10.22
D7B12	CACTCATCATTC	HB157	12	B37	7	S12	2407	7_12B	76.7	9.4	13.9	13.7
D7B13	CACTTTGGGTGC	HB158	12	B38	7	S13	2408	7_13B	79.4	6.3	14.3	13.17
D7B14	CAGAAATGTGTC	HB159	12	B39	7	S14	2411	7_14B	43.6	43.2	13.2	11
D7B15	CAGCCTGCAAAT	HB160	12	B40	7	S15	2417	7_15B	55.6	22.8	21.6	10.22
D7B16	CAGCTTCGACTG	HB161	12	B41	7	S16	4254	7_16B	52.9	34.7	12.4	16.94
D7B17	CAGGGCCTTTGT	HB162	12	B42	7	S17	2665	7_17B	44.9	43.9	11.2	17.45
D7B18	CAGGGTAGGGTA	HB163	12	B43	7	S18	6127	7_18B	62.1	22.9	15	11.24
D7B19	CAGTAAATCGCA	HB164	12	B44	7	S19	6135	7_19B	58	33.5	8.5	18.41
D7B20	CAGTAGCGATAT	HB165	12	B45	7	S20	6177	7_20B	58	21	21	15.12
D14B6	CAGTGATACTGC	HB166	12	B46	14	S6	116	14_6B	30.2	48.5	21.3	14.75
D14B7	CAGTGCACGTCT	HB167	12	B47	14	S7	124	14_7B	44.8	40.9	14.3	10.78
D14B8	CAGTTACCCAAG	HB168	12	B48	14	S8	353	14_8B	33.1	41.7	25.2	13.17
D14B9	CATAAGGGAGGC	HB169	12	B49	14	S9	6023	14_9B	80.1	10.4	9.5	16.72
D14B10	CATACACGCACC	HB170	12	B50	14	S10	1881	14_10B	70.4	19.1	10.5	19.82
D14B11	CATACGATACAG	HB171	12	B51	14	S11	2259	14_11B	43.1	40.8	16.1	10.22
D14B12	CATAGCTCGGTC	HB172	12	B52	14	S12	2407	14_12B	76.7	9.4	13.9	13.7
D14B13	CATATCCAGCCG	HB173	12	B53	14	S13	2408	14_13B	79.4	6.3	14.3	13.17
D14B14	CATCGACGAGTT	HB174	12	B54	14	S14	2411	14_14B	43.6	43.2	13.2	11
D14B15	CATCGCGTTGAC	HB175	12	B55	14	S15	2417	14_15B	55.6	22.8	21.6	10.22
D14B16	CATTATGGCGTG	HB176	12	B56	14	S16	4254	14_16B	52.9	34.7	12.4	16.94
D14B17	CATTTGACGACG	HB177	12	B57	14	S17	2665	14_17B	44.9	43.9	11.2	17.45
D14B18	CCAAAGCCAGTT	HB178	12	B58	14	S18	6127	14_18B	62.1	22.9	15	11.24
D14B19	CCAAATGATGAC	HB179	12	B59	14	S19	6135	14_19B	58	33.5	8.5	18.41
D14B20	CCAACAGCCAAT	HB180	12	B60	14	S20	6177	14_20B	58	21	21	15.12
D21B6	CCAACCCAGATC	HB181	12	B61	21	S6	116	21_6B	30.2	48.5	21.3	14.75
D21B7	CCAATGATAAGC	HB182	12	B62	21	S7	124	21_7B	44.8	40.9	14.3	10.78
D21B8	CCAGCCTTCAGA	HB183	12	B63	21	S8	353	21_8B	33.1	41.7	25.2	13.17
D21B9	CCAGGACAGGAA	HB184	12	B64	21	S9	6023	21_9B	80.1	10.4	9.5	16.72
D21B10	CCAGGGACTTCT	HB185	12	B65	21	S10	1881	21_10B	70.4	19.1	10.5	19.82
D21B11	CCGACATTGTAG	HB186	12	B66	21	S11	2259	21_11B	43.1	40.8	16.1	10.22
D21B12	CCGACCAGCTTA	HB187	12	B67	21	S12	2407	21_12B	76.7	9.4	13.9	13.7
D21B13	CCGATTGAATCG	HB188	12	B68	21	S13	2408	21_13B	79.4	6.3	14.3	13.17
D21B14	CCGCTACGTGAT	HB189	12	B69	21	S14	2411	21_14B	43.6	43.2	13.2	11
D21B15	CCGCTGATGTCA	HB190	12	B70	21	S15	2417	21_15B	55.6	22.8	21.6	10.22
D21B16	CCTCATGCTATT	HB191	12	B71	21	S16	4254	21_16B	52.9	34.7	12.4	16.94
D21B17	CCTCGATGCAGT	HB192	12	B72	21	S17	2665	21_17B	44.9	43.9	11.2	17.45
D21B18	CCTCGGGTACTA	HB193	12	B73	21	S18	6127	21_18B	62.1	22.9	15	11.24
D21B19	CCTGTCCTATCT	HB194	12	B74	21	S19	6135	21_19B	58	33.5	8.5	18.41
D21B20	CCTTCAATGGGA	HB195	12	B75	21	S20	6177	21_20B	58	21	21	15.12
D28B6	CCTTTATAGTCC	HB196	12	B76	28	S6	116	28_6B	30.2	48.5	21.3	14.75
D28B7	CCTTTGGCTGAG	HB197	12	B77	28	S7	124	28_7B	44.8	40.9	14.3	10.78
D28B8	CGAAACTACGTA	HB198	12	B78	28	S8	353	28_8B	33.1	41.7	25.2	13.17
D28B9	CGAACGTCTATG	HB199	12	B79	28	S9	6023	28_9B	80.1	10.4	9.5	16.72
D28B10	CGAAGCATCTAC	HB200	12	B80	28	S10	1881	28_10B	70.4	19.1	10.5	19.82
D28B11	CGACAACTTGTG	HB201	12	B81	28	S11	2259	28_11B	43.1	40.8	16.1	10.22
D28B12	CGACACGGAGAA	HB202	12	B82	28	S12	2407	28_12B	76.7	9.4	13.9	13.7
D28B13	CGACATTTCTCT	HB203	12	B83	28	S13	2408	28_13B	79.4	6.3	14.3	13.17
D28B14	CGAGCTGTTACC	HB204	12	B84	28	S14	2411	28_14B	43.6	43.2	13.2	11
D28B15	CGATCACCACAA	HB205	12	B85	28	S15	2417	28_15B	55.6	22.8	21.6	10.22
D28B16	CGATTAGGAATC	HB206	12	B86	28	S16	4254	28_16B	52.9	34.7	12.4	16.94
D28B17	CGATTGTTCCGG	HB207	12	B87	28	S17	2665	28_17B	44.9	43.9	11.2	17.45
D28B18	CGATTTAGGCCA	HB208	12	B88	28	S18	6127	28_18B	62.1	22.9	15	11.24
D28B19	CGCCCTCTTCTT	HB209	12	B89	28	S19	6135	28_19B	58	33.5	8.5	18.41
D28B20	CGCCTAAACCGT	HB210	12	B90	28	S20	6177	28_20B	58	21	21	15.12
D60B6	CGCGAAGTTTCA	HB211	12	B91	60	S6	116	60_6B	30.2	48.5	21.3	14.75
D60B7	CGCGCCTTAAAC	HB212	12	B92	60	S7	124	60_7B	44.8	40.9	14.3	10.78
D60B8	CGCGGTTACTAA	HB213	12	B93	60	S8	353	60_8B	33.1	41.7	25.2	13.17
D60B9	CGCTACAACTCG	HB214	12	B94	60	S9	6023	60_9B	80.1	10.4	9.5	16.72
D60B10	CGCTCTTAACGG	HB215	12	B95	60	S10	1881	60_10B	70.4	19.1	10.5	19.82
D60B11	CGCTTGTGTAGC	HB216	12	B96	60	S11	2259	60_11B	43.1	40.8	16.1	10.22
D60B12	CGGAAGAGAACA	HB217	12	B97	60	S12	2407	60_12B	76.7	9.4	13.9	13.7
D60B13	CGGATCTAGTGT	HB218	12	B98	60	S13	2408	60_13B	79.4	6.3	14.3	13.17
D60B14	CGGCGCATTATA	HB219	12	B99	60	S14	2411	60_14B	43.6	43.2	13.2	11
D60B15	CGGCTACTATGC	HB220	12	B100	60	S15	2417	60_15B	55.6	22.8	21.6	10.22
D60B16	CGGTAGTTGATC	HB221	12	B101	60	S16	4254	60_16B	52.9	34.7	12.4	16.94
D60B17	CGGTGGAAGCAA	HB222	12	B102	60	S17	2665	60_17B	44.9	43.9	11.2	17.45
D60B18	CGTAACGTAATG	HB223	12	B103	60	S18	6127	60_18B	62.1	22.9	15	11.24
D60B19	CGTAAGATGCCT	HB224	12	B104	60	S19	6135	60_19B	58	33.5	8.5	18.41
D60B20	CGTAGCCAACAT	HB225	12	B105	60	S20	6177	60_20B	58	21	21	15.12
D1A1	CGTAGGTAGAGG	HB226	20	1	1	S1	3865	D1_A1	23	51.3	25.7	14.55
D1A2	CGTATAAATGCG	HB227	20	2	1	S2	4779	D1_A2	42	38	20	11.15
D1A3	CGTCACTCCAAG	HB228	20	3	1	S3	2318	D1_A3	80.6	3.3	16.1	17
D1A4	CGTCCGTATGAA	HB229	20	4	1	S4	3919	D1_A4	22.5	40.9	36.6	13.39
D1A5	CGTCGATTGCAC	HB230	20	5	1	S5	2512	D1_A5	58.1	31.7	10.2	15.32
D1B1	CTAATTCTCTGC	HB231	12	6	1	S1	3865	D1_B1	23	51.3	25.7	14.55
D1B2	CTAGCAGTATGA	HB232	12	7	1	S2	4779	D1_B2	42	38	20	11.15
D1B3	CTAGCTATGGAC	HB233	12	8	1	S3	2318	D1_B3	80.6	3.3	16.1	17
D1B4	CTAGGCAATCAA	HB234	12	9	1	S4	3919	D1_B4	22.5	40.9	36.6	13.39
D1B5	CTAGTACAAGCC	HB235	12	10	1	S5	2512	D1_B5	58.1	31.7	10.2	15.32
D3A1	CTATCATCCTCA	HB236	20	11	3	S1	3865	D3_A1	23	51.3	25.7	14.55
D3A2	CTATCGGAAGAT	HB237	20	12	3	S2	4779	D3_A2	42	38	20	11.15
D3A3	CTCACAACCGTG	HB238	20	13	3	S3	2318	D3_A3	80.6	3.3	16.1	17
D3A4	CTCACGCAATGC	HB239	20	14	3	S4	3919	D3_A4	22.5	40.9	36.6	13.39
D3A5	CTCACTGCTTCT	HB240	20	15	3	S5	2512	D3_A5	58.1	31.7	10.2	15.32
D3B1	CTCAGGAGACTT	HB241	12	16	3	S1	3865	D3_B1	23	51.3	25.7	14.55
D3B2	CTCATCATGTTC	HB242	12	17	3	S2	4779	D3_B2	42	38	20	11.15
D3B3	CTCCAATGACGC	HB243	12	18	3	S3	2318	D3_B3	80.6	3.3	16.1	17
D3B4	CTCCACATTCCT	HB244	12	19	3	S4	3919	D3_B4	22.5	40.9	36.6	13.39
D3B5	CTCCAGGTCATG	HB245	12	20	3	S5	2512	D3_B5	58.1	31.7	10.2	15.32
D7A1	CTCCCTTTGTGT	HB246	20	21	7	S1	3865	D7_A1	23	51.3	25.7	14.55
D7A2	CTCCGAACAACA	HB247	20	22	7	S2	4779	D7_A2	42	38	20	11.15
D7A3	CTCCGCTATAGG	HB248	20	23	7	S3	2318	D7_A3	80.6	3.3	16.1	17
D7A4	CTCCTCCCTTAC	HB249	20	24	7	S4	3919	D7_A4	22.5	40.9	36.6	13.39
D7A5	CTCGCTAGATAG	HB250	20	25	7	S5	2512	D7_A5	58.1	31.7	10.2	15.32
D7B1	CTCTCTCACTTG	HB251	12	26	7	S1	3865	D7_B1	23	51.3	25.7	14.55
D7B2	CTCTGTAGCCGA	HB252	12	27	7	S2	4779	D7_B2	42	38	20	11.15
D7B3	CTGAAGGGCGAA	HB253	12	28	7	S3	2318	D7_B3	80.6	3.3	16.1	17
D7B4	CTGAATCTGGTG	HB254	12	29	7	S4	3919	D7_B4	22.5	40.9	36.6	13.39
D7B5	CTGACCGTTAAG	HB255	12	30	7	S5	2512	D7_B5	58.1	31.7	10.2	15.32
D14A1	CTGACGATCCGT	HB256	20	31	14	S1	3865	D14_A1	23	51.3	25.7	14.55
D14A2	CTGATAGCACAC	HB257	20	32	14	S2	4779	D14_A2	42	38	20	11.15
D14A3	CTGATGTACACG	HB258	20	33	14	S3	2318	D14_A3	80.6	3.3	16.1	17
D14A4	CTGCAAGCCTGT	HB259	20	34	14	S4	3919	D14_A4	22.5	40.9	36.6	13.39
D14A5	CTGCATACTGAG	HB260	20	35	14	S5	2512	D14_A5	58.1	31.7	10.2	15.32
D14B1	CTGCGGATATAC	HB261	12	36	14	S1	3865	D14_B1	23	51.3	25.7	14.55
D14B2	CTGCTCAGGCAT	HB262	12	37	14	S2	4779	D14_B2	42	38	20	11.15
D14B3	CTGCTTCTTACA	HB263	12	38	14	S3	2318	D14_B3	80.6	3.3	16.1	17
D14B4	CTGGAACATTAG	HB264	12	39	14	S4	3919	D14_B4	22.5	40.9	36.6	13.39
D14B5	CTGGATTACGGT	HB265	12	40	14	S5	2512	D14_B5	58.1	31.7	10.2	15.32
D21A1	CTGGGAGTTGTT	HB266	20	41	21	S1	3865	D21_A1	23	51.3	25.7	14.55
D21A2	CTGTAAAGGTTG	HB267	20	42	21	S2	4779	D21_A2	42	38	20	11.15
D21A3	CTGTAGCTTGGC	HB268	20	43	21	S3	2318	D21_A3	80.6	3.3	16.1	17
D21A4	CTGTCGTGTCAG	HB269	20	44	21	S4	3919	D21_A4	22.5	40.9	36.6	13.39
D21A5	CTTACACTGCTT	HB270	20	45	21	S5	2512	D21_A5	58.1	31.7	10.2	15.32
D21B1	CTTAGAACGTGC	HB271	12	46	21	S1	3865	D21_B1	23	51.3	25.7	14.55
D21B2	CTTAGGCATGTG	HB272	12	47	21	S2	4779	D21_B2	42	38	20	11.15
D21B3	CTTGAGAAATCG	HB273	12	48	21	S3	2318	D21_B3	80.6	3.3	16.1	17
D21B4	CTTTGCACTTTG	HB274	12	49	21	S4	3919	D21_B4	22.5	40.9	36.6	13.39
D21B5	CTTTGTCAGGGC	HB275	12	50	21	S5	2512	D21_B5	58.1	31.7	10.2	15.32
D28A1	GAAAGGTGAGAA	HB276	20	51	28	S1	3865	D28_A1	23	51.3	25.7	14.55
D28A2	GAACTCGCTATG	HB277	20	52	28	S2	4779	D28_A2	42	38	20	11.15
D28A3	GAACTTTAGCGC	HB278	20	53	28	S3	2318	D28_A3	80.6	3.3	16.1	17
D28A4	GAATATACCTGG	HB279	20	54	28	S4	3919	D28_A4	22.5	40.9	36.6	13.39
D28A5	GAATCCTCACCG	HB280	20	55	28	S5	2512	D28_A5	58.1	31.7	10.2	15.32
D28B1	GAATCGCCGATT	HB281	12	56	28	S1	3865	D28_B1	23	51.3	25.7	14.55
D28B2	GAATGTTGCGCT	HB282	12	57	28	S2	4779	D28_B2	42	38	20	11.15
D28B3	GACAAACCTTGC	HB283	12	58	28	S3	2318	D28_B3	80.6	3.3	16.1	17
D28B4	GACAACGAATCT	HB284	12	59	28	S4	3919	D28_B4	22.5	40.9	36.6	13.39
D28B5	GACAAGAAGGTG	HB285	12	60	28	S5	2512	D28_B5	58.1	31.7	10.2	15.32
D60A1	GACAATTCCGAA	HB286	20	61	60	S1	3865	D60_A1	23	51.3	25.7	14.55
D60A2	GACACTCACCGT	HB287	20	62	60	S2	4779	D60_A2	42	38	20	11.15
D60A3	GACATGCGGAGA	HB288	20	63	60	S3	2318	D60_A3	80.6	3.3	16.1	17
D60A4	GACCACTGCTGT	HB289	20	64	60	S4	3919	D60_A4	22.5	40.9	36.6	13.39
D60A5	GACCATGTAGTA	HB290	20	65	60	S5	2512	D60_A5	58.1	31.7	10.2	15.32
D60B1	GACCCTAGACCT	HB291	12	66	60	S1	3865	D60_B1	23	51.3	25.7	14.55
D60B2	GACCGATAGGGA	HB292	12	67	60	S2	4779	D60_B2	42	38	20	11.15
D60B3	GACCGTCAATAC	HB293	12	68	60	S3	2318	D60_B3	80.6	3.3	16.1	17
D60B4	GACGACATTTAG	HB294	12	69	60	S4	3919	D60_B4	22.5	40.9	36.6	13.39
D60B5	GACGCACTAACT	HB295	12	70	60	S5	2512	D60_B5	58.1	31.7	10.2	15.32
D0AB1	GACGCTTTGCTG	HB296	C	3865	0	S1	3865	D0_AB1	23	51.3	25.7	14.55
D0AB2	GACTCAACCAGT	HB297	C	4779	0	S2	4779	D0_AB2	42	38	20	11.15
D0AB3	GACTCGCAACTA	HB298	C	2318	0	S3	2318	D0_AB3	80.6	3.3	16.1	17
D0AB4	GACTCTGCTCAG	HB299	C	3919	0	S4	3919	D0_AB4	22.5	40.9	36.6	13.39
D0AB5	GAGAATGGAAAG	HB300	C	2512	0	S5	2512	D0_AB5	58.1	31.7	10.2	15.32
